seed,epoch,train_rmse,train_nrmse,val_rmse,val_nrmse,wall_time_sec
0,0,9.624378854110804,1.017894022795132,4.734335061414943,1.0050244841129263,0.22478191601112485
0,1,8.694812524117859,0.9195811835528073,4.798476631880558,1.018640725450127,0.8074710410146508
0,2,7.3052557580327475,0.7726188135159674,4.923849198243871,1.0452553391596908,1.3801308750116732
0,3,6.105606430602034,0.6457414432095859,5.13073429580623,1.0891737745367849,1.943132583022816
0,4,5.145352801564357,0.5441830523584924,4.601962653560251,0.9769239147216279,2.540053416014416
0,5,4.170390604098955,0.44106905318052375,3.39915836916399,0.7215875813754022,3.126081750000594
0,6,3.287207369645375,0.3476617851364991,1.9441220772838788,0.412706380606451,3.709526666003512
0,7,2.651321644932851,0.28040920830249727,1.871289906595259,0.3972452622395397,4.284691291017225
0,8,2.1026008419189983,0.22237537214146752,1.637888551994027,0.34769784471281007,4.83917350001866
0,9,1.573247609947578,0.1663898899676389,1.4142283379245322,0.3002183173143838,5.391519791010069
0,10,1.264892040209998,0.13377757325720438,1.3850761902222875,0.2940297772501164,5.946677833009744
0,11,1.1453576310853353,0.12113536928636086,1.3385482882128947,0.28415263925560547,6.53382904099999
0,12,1.0487460972297045,0.11091753556063293,1.2842511244851116,0.2726262098296322,7.1123769160185475
0,13,0.9635169847001609,0.10190353003082138,1.2277903682505995,0.2606404839206896,7.678302750020521
0,14,0.8973427030963923,0.0949048024528367,1.1901887715251216,0.25265825941384384,8.235967125016032
0,15,0.8501083417585827,0.0899091996399065,1.1583118633256417,0.2458912957742398,8.788778750022175
0,16,0.8257972701336151,0.08733801090451822,1.1521836880899332,0.24459038105761624,9.342650500009768
0,17,0.8000560468168241,0.0846155663965898,1.1441352938162832,0.24288183419773368,9.914357875008136
0,18,0.7853113795922748,0.08305614018701561,1.1286774363210195,0.23960037543887144,10.465691332996357
0,19,0.7835653567752429,0.0828714772372231,1.1252715008640648,0.23887734918890324,11.015559332998237
0,20,0.7574475637620385,0.08010920594681291,1.109072793168886,0.23543861964537627,11.566256958001759
0,21,0.7492661386725032,0.07924392166999675,1.1038516143911197,0.23433024593723875,12.119491040997673
0,22,0.7326207284519681,0.07748346898756532,1.0929744557100902,0.2320211971161887,12.672090958018089
0,23,0.7103944868265313,0.07513277614362461,1.0741062127880083,0.22801576744910992,13.228730375005398
0,24,0.7103774413915133,0.07513097338350017,1.0508551859983477,0.22307994205837584,13.796657500002766
0,25,0.6857492564290912,0.07252624609194776,1.0415776489347763,0.22111046761683353,14.348378624999896
0,26,0.6812676920305061,0.07205226666083435,1.0327338552452523,0.21923307003615644,14.918385583005147
0,27,0.6869877480717992,0.07265723150508491,1.0240056792937917,0.21738021627336387,15.488653583015548
0,28,0.6584950722844893,0.06964378774762572,1.0080385447335882,0.21399064604524104,16.071224250015803
0,29,0.6687639998051688,0.07072985055773127,0.9958459755703224,0.2114023563753375,16.670875375013566
0,30,0.6241548185107101,0.06601189216377017,0.9549598059506292,0.2027228689718615,17.26552637500572
0,31,0.605998826046829,0.06409167720891057,0.9373774288740421,0.19899040829435408,17.833414708002238
0,32,0.580284214403552,0.061372047206086036,0.8881831544709781,0.18854724159578234,18.40111591599998
0,33,0.5477410976812784,0.05793022051816654,0.8399182531051346,0.17830136609970565,18.996753041021293
0,34,0.5169225689604849,0.054670789790038365,0.78686834822752,0.1670397100085692,19.56981166600599
0,35,0.4875755958154018,0.051566993794024525,0.7234621592715916,0.1535795785395571,20.149536125012673
0,36,0.4606345270422636,0.048717651172793766,0.677279729303733,0.14377577879758097,20.71808604101534
0,37,0.43229917571653853,0.045720846372665144,0.629232205547773,0.13357604913136142,21.30575349999708
0,38,0.4278535918287297,0.045250672314076194,0.6081700983226827,0.1291048967575577,21.866213291010354
0,39,0.4328591914649865,0.04578007478539257,0.5943065762272062,0.12616189019776636,22.41869350001798
0,40,0.39799186080541343,0.042092434470397934,0.5765508935711579,0.12239263948568545,23.0381210000196
0,41,0.39437195231368644,0.04170958553306413,0.5726017110367096,0.12155429046985441,23.637218500021845
0,42,0.38966526531784157,0.04121179667490922,0.5655055527635694,0.12004788825811172,24.352258625003742
0,43,0.3774756867454514,0.039922601875192046,0.550001647141683,0.11675665420998438,24.96398962501553
0,44,0.3725412351087894,0.039400724162056866,0.5443399653330282,0.11555476867270384,25.52117779100081
0,45,0.37517377443145034,0.03967914691348099,0.5349119256890753,0.11355334491277924,26.138930875022197
0,46,0.33974805202320085,0.035932449943301484,0.5179067232680058,0.10994340928955712,26.684181290998822
0,47,0.330292691910813,0.034932431688859615,0.5076656038181993,0.10776938154157079,27.22831762500573
0,48,0.3394197950252877,0.035897732810779855,0.5049958316504745,0.10720263111922854,27.770994582999265
0,49,0.31655954532871866,0.03347998597449411,0.49341360455804995,0.10474390742150956,28.32819854101399
0,50,0.3131124603398658,0.03311541520484683,0.49333622594066506,0.10472748116438796,28.868288166006096
0,51,0.3028969193789758,0.032034998666665,0.4819878445658237,0.10231839921543145,29.412651499995263
0,52,0.3317609882551604,0.035087721717988594,0.4816825604881825,0.10225359223226292,29.96159545800765
0,53,0.2955546084293658,0.03125846082018164,0.4710994890839558,0.10000697349058385,30.50625137501629
0,54,0.28992154953828114,0.03066269697274758,0.45141187145082634,0.09582760352659256,31.048484291008208
0,55,0.27832763995800486,0.029436501345842286,0.4409208010801022,0.09360051514979773,31.599154333001934
0,56,0.26504769624051633,0.02803198729480681,0.4266928900055786,0.09058015457071272,32.15836695799953
0,57,0.2636530358847668,0.027884485158672544,0.4146000056205107,0.08801302640321294,32.69772033300251
0,58,0.2605646045718485,0.027557846336480906,0.3989174050753437,0.08468385824802432,33.236399040994
0,59,0.2516864137739291,0.026618870691047233,0.3962525822682182,0.08411815849668834,33.7746380000026
0,60,0.25689287092166,0.027169516264226295,0.3916680292638165,0.08314493037523803,34.31223358301213
0,61,0.2383357630807755,0.025206878525424792,0.3797999087131089,0.08062551601627628,34.849706291017355
0,62,0.22991380377003284,0.02431615485664827,0.3714831196425236,0.07885999318430272,35.405213666002965
0,63,0.2174377036003865,0.02299665694587638,0.3626323383054639,0.07698111223652791,35.943268958013505
0,64,0.20691762604707187,0.021884031993847773,0.34360093400621516,0.07294104598864379,36.481156833004206
0,65,0.20122415569079205,0.02128187890610402,0.33382996258500863,0.0708668232341298,37.01829854102107
0,66,0.19496402369746643,0.020619794522840882,0.32181993429473715,0.06831728410560764,37.557316833001096
0,67,0.1906505308386447,0.020163590682061198,0.3145222663079842,0.06676810456751602,38.1035197910096
0,68,0.2089695625050824,0.02210104899696296,0.308539500605075,0.0654980579957937,38.64301400000113
0,69,0.17530587055463934,0.018540707977455325,0.29223455169452883,0.0620367751219086,39.199636666016886
0,70,0.16850231023098677,0.01782114950078396,0.29067655184059965,0.06170603638476159,39.74939512502169
0,71,0.16888110497114928,0.017861211608450573,0.2767047276007318,0.058740038991963416,40.29442404099973
0,72,0.16149522505873712,0.01708006581921184,0.25663147819455157,0.054478805499358234,40.9486594159971
0,73,0.17346275663430577,0.018345776473690102,0.2599878620639959,0.05519131273070427,41.562929666019045
0,74,0.17881148166461228,0.01891146858956086,0.261417130049592,0.05549472372744381,42.15251370801707
0,75,0.15792177517461728,0.01670213043938731,0.25386644034415307,0.05389183167872651,42.727095166017534
0,76,0.15844834923361298,0.016757821990534192,0.24994290281271195,0.053058926691588605,43.28255954099586
0,77,0.18337475930038832,0.019394090180026115,0.24900414092045797,0.05285964238360694,43.85843754099915
0,78,0.14472163571883567,0.015306056650546037,0.23680710393522098,0.0502704042657348,44.434670208022
0,79,0.14362241583330437,0.015189800903740938,0.23260834920681972,0.04937907501884221,45.13359479099745
0,80,0.17147553281399086,0.018135603611699046,0.2361435212664119,0.0501295361563309,45.73344929100131
1,0,9.65267708526011,1.0208869016893634,4.795868510804365,1.0180870625798186,0.230677374987863
1,1,8.454532015850921,0.8941686247927553,4.962629400828012,1.0534877630566748,0.8114024589885958
1,2,7.147282812464041,0.7559112711908805,5.818713477836054,1.2352208779906981,1.4215034589869902
1,3,6.102804017484726,0.6454450542576597,6.159513624927044,1.307567361197437,1.9965136669925414
1,4,4.713242542075463,0.4984821861530508,5.262441245707203,1.1171330777253412,2.574345250002807
1,5,3.6779026285954575,0.388982516047858,3.2584938535495698,0.6917267286042158,3.278922291996423
1,6,2.7359781963731784,0.2893626585986431,1.5199452324712293,0.3226603426517415,3.8782293339900207
1,7,2.348207780364473,0.2483512650681969,1.5313270818758449,0.32507652933429243,4.446082292008214
1,8,1.9464850997955079,0.20586425145715934,1.3043310207045382,0.27688885433560406,5.013035249983659
1,9,1.4657855402517277,0.1550244813445277,1.0262638471835845,0.217859589614929,5.578198167000664
1,10,1.1935229909881708,0.12622943641464435,0.8985452530580569,0.19074695130194194,6.133555417007301
1,11,1.0108804678860175,0.10691278903490235,0.8144491544629188,0.17289467912219714,6.690711125003872
1,12,0.8516771925224473,0.09007512451042562,0.7403269428382566,0.15715970545999902,7.288172792003024
1,13,0.7395363578401584,0.07821488011807153,0.6899518981798133,0.14646587990408524,7.874108583986526
1,14,0.5814451851086474,0.061494833846062504,0.5801551976374891,0.12315777625523384,8.438357417006046
1,15,0.47356269423562586,0.05008496061803644,0.48868006959907545,0.1037390527864952,8.998412791988812
1,16,0.3801684772821232,0.04020739691843235,0.40268975743741414,0.0854846690139292,9.551258249994135
1,17,0.32862567679841737,0.034756124755753806,0.34343674466863205,0.07290619118809404,10.101666792004835
1,18,0.3101093402845897,0.032797799076020394,0.31301187784660167,0.06644747297627468,10.652507499995409
1,19,0.307005183670312,0.032469497113744285,0.2899451488888467,0.061550771101521476,11.24456179200206
1,20,0.24177515649418208,0.025570635818296963,0.2612573527476388,0.05546080553230438,11.817544166988228
1,21,0.24820913515233942,0.02625110658095117,0.26007595389291893,0.05521001323326048,12.369157167006051
1,22,0.2609253781258405,0.027596002486582394,0.25665629061772216,0.0544840727845151,12.919422459002817
1,23,0.22512758242537212,0.023809954282839423,0.24654740558036492,0.052338116311677195,13.469434250000631
1,24,0.23296709153755016,0.024639076825488045,0.24529838133379386,0.05207296821109484,14.019028709008126
1,25,0.2620958215877226,0.027719790984721215,0.24936761632700952,0.05293680246590327,14.589084499981254
1,26,0.19591086062968335,0.020719933936352606,0.22869140214215974,0.04854756908360724,15.143437416991219
1,27,0.2166126044988893,0.022909392774717024,0.2309348207160619,0.04902381137859418,15.703097041987348
1,28,0.21079412101472994,0.02229401804248396,0.2254173136259249,0.0478525318546652,16.25729087498621
1,29,0.17630487901983807,0.018646365159166664,0.21545323262514124,0.045737314989452646,16.808673708990682
1,30,0.18954723126079992,0.020046903458639926,0.21674855963388423,0.04601229243440146,17.359209041984286
1,31,0.2098532234780032,0.02219450679160591,0.21846348131963594,0.04637634319552388,17.932428458996583
1,32,0.17406093506813547,0.018409041050198343,0.2107032136424371,0.044728961056811456,18.544651500007603
1,33,0.17418788719253586,0.018422467766931665,0.20758177517051668,0.044066329018893444,19.099793959001545
1,34,0.21148288093777765,0.02236686270284473,0.21413670274991994,0.045457836511165965,19.654340167006012
1,35,0.15563207567570828,0.016459967130017895,0.19877814254173817,0.042197456996469776,20.206134334002854
1,36,0.18578971442611383,0.019649500781069165,0.20328807578673097,0.043154844522729476,20.756199750001542
1,37,0.17843647838017734,0.01887180747401865,0.19818881535535052,0.04207235215201122,21.30829633399844
1,38,0.14519081199503495,0.015355677694607134,0.1914403880190984,0.04063976772057402,21.880399791989475
1,39,0.1609087334523115,0.017018037265509885,0.19409179805572627,0.04120262015278809,22.442739874997642
1,40,0.18759197603816366,0.019840111661025856,0.1964770955662999,0.041708981102936735,23.012445166998077
1,41,0.16495005552429434,0.017445455766341694,0.19079982377343976,0.04050378605848569,23.577931709005497
1,42,0.1575269975568862,0.01666037794984871,0.18601993839309788,0.039489091961811155,24.138666624989128
1,43,0.19004150398751737,0.02009917875471698,0.19321964071456357,0.04101747493799094,24.691099249990657
1,44,0.13515267763068853,0.014294024041486613,0.1774778183817885,0.03767573493358444,25.24665204199846
1,45,0.1413562574477593,0.014950127350743992,0.1762677663100257,0.037418860009567186,25.828224458993645
1,46,0.1721211640004018,0.018203886888525492,0.1823245252324815,0.038704614171972886,26.38956104198587
1,47,0.12825256465930857,0.013564253959007068,0.1695666505494047,0.03599631907764458,26.95411058398895
1,48,0.13935750219717483,0.014738734901065921,0.17000394038100483,0.03608914879537909,27.517259249987546
1,49,0.1580696954072712,0.016717774786201917,0.172034937523573,0.03652029737885817,28.15271245900658
1,50,0.1190893375071081,0.012595132284858191,0.1625538803432776,0.03450761883417069,28.73672099999385
1,51,0.14300863487221768,0.015124886171988795,0.16606815758743831,0.035253644332688495,29.33120020898059
1,52,0.15307847348713025,0.016189892931594178,0.16218642103675693,0.03442961303289602,30.07244783398346
1,53,0.1620977247024788,0.01714378741573221,0.19432158073508976,0.04125139938277279,30.67061591698439
1,54,0.1380636186528343,0.014601891126943848,0.18185924182014437,0.03860584185962399,31.236547292006435
1,55,0.1888711883867746,0.01997540377943417,0.1651643391664149,0.035061777971195834,31.808577541989507
1,56,0.1254260153498428,0.013265312313956175,0.15513112967466158,0.03293188622026585,32.386210166994715
1,57,0.10947125184908088,0.011577903843372239,0.13969602069037274,0.02965525661063162,32.954909958993085
1,58,0.10711283379192753,0.011328472718515475,0.13733426261958948,0.029153892711393976,33.55503812499228
1,59,0.09222774676644421,0.009754195423149729,0.1307730553090789,0.02776105213148938,34.145092291990295
1,60,0.10654895703362642,0.011268835957476851,0.13027042579598638,0.027654351832388714,34.72302520900848
1,61,0.09914463028012496,0.01048573919253684,0.12822373244638638,0.027219871192312443,35.28646149998531
1,62,0.08466565012435337,0.008954412591606719,0.12173237634738227,0.02584185892026909,35.8731155419955
1,63,0.08525600966274526,0.00901685022571674,0.12017810054954162,0.025511910741352672,36.441385249985615
1,64,0.09299098543358718,0.00983491710805297,0.11899866502255409,0.0252615352257463,37.04804395898827
1,65,0.0999851945597654,0.010574638992616472,0.12064158770150003,0.02561030173602189,37.633563249983126
1,66,0.10336462583863809,0.010932054567310123,0.1209516287473077,0.025676118548324897,38.22973766698851
1,67,0.12284967374278502,0.012992833148053183,0.12586470115965878,0.0267190861462196,38.79301279198262
1,68,0.09440286279441192,0.009984240149912386,0.1111475606626079,0.023594869895406663,39.412463374988874
1,69,0.09340779393897437,0.009878999629399537,0.11020653740786762,0.023395105535921095,39.96138870899449
1,70,0.08263240952845255,0.008739372901166035,0.10611580409564607,0.02252670752787426,40.50761545900605
1,71,0.08128037105828242,0.008596378542960007,0.10558451648384015,0.02241392356749879,41.072294541983865
1,72,0.0933787017868679,0.00987592278379856,0.10707457366466837,0.022730239149314217,41.611999999993714
1,73,0.07766543647630993,0.008214055656510708,0.10103067471059689,0.021447214954881527,42.17125616699923
1,74,0.0801966934410866,0.008481766578291828,0.0998175654729118,0.021189691042872497,42.711748917005025
1,75,0.0758394100453131,0.008020931360620829,0.098067029754612,0.02081807998569487,43.27575104200514
1,76,0.07114771644422815,0.007524728234609144,0.09700025357982106,0.020591620269425275,43.81462625000859
1,77,0.07310513753716849,0.007731749099103278,0.09473898291302511,0.020111588257357024,44.37060570900212
1,78,0.08189527244678356,0.008661411773410654,0.09634772462859836,0.02045309868950665,44.93393854200258
1,79,0.07052462209637006,0.00745882849999393,0.09278318695674583,0.01969640369680286,45.47410554200178
1,80,0.06790314540673753,0.007181575755300282,0.09084102938834307,0.019284114350373156,46.08247324998956
2,0,9.828178404559605,1.039448280726444,4.817327381057652,1.0226424414717197,0.19617941600154154
2,1,8.731555108688914,0.9234671545628685,4.951497298489018,1.051124593727676,0.763727082987316
2,2,7.588516491379826,0.8025770489238976,5.636011408206044,1.196436117112074,1.3146070830116514
2,3,6.661969425359273,0.7045835332241436,6.25543835585522,1.3279306650118377,1.862388125009602
2,4,5.709166288793815,0.6038131217189704,5.390472974755488,1.1443121896317936,2.406205375009449
2,5,4.661800438276766,0.4930415638780523,3.971415137373263,0.8430686459365079,2.951910790987313
2,6,3.6948761685234475,0.3907776724003114,2.5462831109275927,0.5405356479354535,3.4933387910132296
2,7,3.0619104232097327,0.32383391856899757,1.9952870813592363,0.423567902057386,4.037205708009424
2,8,2.5836692373320815,0.27325415109118334,1.8430746112442986,0.39125560111789576,4.596018874988658
2,9,2.242103303131811,0.23712943820497048,1.625831785130127,0.3451383837240393,5.168174040998565
2,10,2.038934746794777,0.21564191550348705,1.540784564653253,0.32708420340595623,5.706075166002847
2,11,1.82395097504455,0.19290479141687225,1.4586270231850271,0.30964345625583534,6.310943082993617
2,12,1.4967937369615076,0.15830397174769895,1.3143145874337783,0.2790082077129002,6.879724041005829
2,13,1.2477571053491887,0.13196534744604443,1.2249357196437467,0.26003448715320093,7.432900125015294
2,14,1.1083438023494752,0.11722071093779612,1.179094166525267,0.25030305017711457,7.990198999992572
2,15,0.9977648627986572,0.10552565577403085,1.1161690261749786,0.23694503772174325,8.597904666006798
2,16,0.9281637106504278,0.09816449534744634,1.0823298611598107,0.2297615179832782,9.148673415998928
2,17,0.8714787655928785,0.092169379441145,1.0622133576326023,0.22549110232462263,9.689837165991776
2,18,0.8532868061609812,0.090245360546071,1.058288425049017,0.22465790118997017,10.225778791005723
2,19,0.8245111297395227,0.08720198606182793,1.0538812057862093,0.22372231821822924,10.766480791004142
2,20,0.8024657993102964,0.08487042675658835,1.0550673708606007,0.22397412231035588,11.31076925000525
2,21,0.7976838528350387,0.08436467830172449,1.0559709214058235,0.22416593180605118,11.86909837499843
2,22,0.7595053156831512,0.08032683800521855,1.049974265082256,0.22289293647517264,12.411044208012754
2,23,0.7538758153072976,0.07973145051364482,1.0434116520945238,0.2214997974922175,12.948237625008915
2,24,0.7471494974762365,0.07902006136121832,1.042549620629996,0.2213168018409407,13.484157333004987
2,25,0.7210740890435867,0.07626227275087083,1.035106414727892,0.21973672690436186,14.022376083012205
2,26,0.7126889338379568,0.07537544155964288,1.0258243631831343,0.21776629410983722,14.558626082987757
2,27,0.7103248552986899,0.0751254117706025,1.0183475442219412,0.21617908365223326,15.116471540997736
2,28,0.6828976164882012,0.0722246508103202,1.0083364100638148,0.21405387814562318,15.655368125007953
2,29,0.6757473715176489,0.07146842625522203,0.9954835715088174,0.21132542372265667,16.192478250013664
2,30,0.6472416314319189,0.0684536007908002,0.9627986036120267,0.20438692178466708,16.735120124998502
2,31,0.6134219058949109,0.06487675733954842,0.9292443457113271,0.19726388332224698,17.284214790997794
2,32,0.5961277666043303,0.06304769374177147,0.8970768234585244,0.19043522691370543,17.827782707987353
2,33,0.5721665010176534,0.060513501209557556,0.86925479157804,0.18452904940938228,18.369948583014775
2,34,0.5428915370436764,0.05741732105098803,0.8427267657349153,0.17889756892866776,18.925654833001317
2,35,0.5229425967836677,0.05530748026442268,0.8081089540078057,0.17154875480359427,19.464342374994885
2,36,0.49831861256063725,0.05270319725167338,0.7739191869688153,0.16429080779845923,20.003567166015273
2,37,0.47830602056164595,0.050586624526805,0.7307468558444665,0.15512600445155933,20.55079208299867
2,38,0.44867388221699095,0.047452668875134066,0.6826729755991185,0.14492067971933656,21.091366000007838
2,39,0.4033459860466833,0.04265869772364231,0.6342113989452924,0.13463305316904034,21.628460875013843
2,40,0.38587289019632687,0.04081070731351755,0.5927671551978093,0.12583509545133795,22.18460454099113
2,41,0.3682063506654099,0.038942257903474484,0.5529991412463847,0.11739297481829153,22.723550499998964
2,42,0.331796881071678,0.0350915178157886,0.5093863894882518,0.10813467713385119,23.261675916000968
2,43,0.3142074311331349,0.03323122155895017,0.4674473148960564,0.099231674651049,23.809909958014032
2,44,0.2834037046231867,0.029973356342962776,0.42173697139473093,0.08952809140227187,24.347752291010693
2,45,0.2639896023874615,0.02792008112144158,0.3895116392243263,0.0826871628621932,24.88844887498999
2,46,0.2498850717132187,0.026428357064723865,0.36522455348927085,0.07753139853735358,25.434248333011055
2,47,0.24921421679462627,0.026357406074312025,0.34845524528130284,0.07397153952610593,25.989960250008153
2,48,0.24123003800359633,0.025512982970077532,0.3300946342319118,0.07007387207998365,26.526846332999412
2,49,0.23100139129295125,0.024431180340954966,0.31204539666214026,0.06624230430079697,27.064264040993294
2,50,0.20988165278256818,0.022197513533093082,0.29362780610119443,0.06233254100521274,27.606536790990504
2,51,0.1951201963943509,0.020636311667177384,0.2662855352376837,0.056528209179813174,28.144862665998517
2,52,0.19002499273815127,0.020097432491161332,0.25551512958474265,0.054241822338870205,28.681576958013466
2,53,0.1769909197586834,0.01871892223303604,0.24492915527996875,0.05199458735729956,29.243860582995694
2,54,0.1798000034325589,0.019016016676689198,0.23936414048545535,0.05081322269882414,29.80253320801421
2,55,0.16396436921511734,0.01734120756314116,0.2271067463223376,0.04821117170632966,30.342653125000652
2,56,0.16424457310968507,0.017370842501017964,0.21952110904009023,0.04660086083957407,30.879438708012458
2,57,0.15729485859873113,0.016635826458106153,0.21573913368221095,0.04579800726379771,31.416782540996792
2,58,0.1551314639166472,0.01640702140489491,0.20877204161906715,0.0443190037679117,31.95354479100206
2,59,0.152243628801087,0.01610159804744976,0.20173950931570675,0.04282610834363223,32.49256858299486
2,60,0.13659280459767603,0.014446334819562078,0.19403256282016068,0.04119004544878144,33.04619641599129
2,61,0.14506925364811749,0.015342821434829363,0.19539019953041725,0.041478250258250624,33.58423687500181
2,62,0.14126458306633863,0.01494043168037336,0.18810561159765313,0.039931847408826306,34.12115437499597
2,63,0.139706382756428,0.014775633223681467,0.1843451502358984,0.03913356091429277,34.65774625001359
2,64,0.12519066545701163,0.013240421227184794,0.1781543564952426,0.03781935327906203,35.19521450001048
2,65,0.12526395232988663,0.013248172196985505,0.1757749323814796,0.03731423915819839,35.73336987500079
2,66,0.1275452609069501,0.01348944806527204,0.17359093301028233,0.036850610620533276,36.289847166015534
2,67,0.12464670139281796,0.01318289047346539,0.17091048160584835,0.03628159316507546,36.827504999993835
2,68,0.12670021685255306,0.013400074475037497,0.16831134977521764,0.0357298385694807,37.3850418330112
2,69,0.11411439628517511,0.012068972310243335,0.16632705619581292,0.03530860441408195,38.001094375009416
2,70,0.11180853525876785,0.011825099724619413,0.16398649703524035,0.034811740708329104,38.55644245800795
2,71,0.11233009243109296,0.011880260679555108,0.16120395450143768,0.034221050920158196,39.11158749999595
2,72,0.10900738160130255,0.011528843975746144,0.1589146358868126,0.03373506477220144,39.664157416002126
2,73,0.12089994792479475,0.012786626151601253,0.16003069360575728,0.033971986181157945,40.22706916599418
2,74,0.10880725451945145,0.01150767812561664,0.1569095483222323,0.033309416382501005,40.7690678749932
2,75,0.102956316082576,0.01088887089110155,0.15349901724807455,0.0325854145556569,41.34531491599046
2,76,0.11282535567433416,0.011932640734688747,0.15576192266900316,0.0330657936001822,41.887194665992865
2,77,0.11564385822705765,0.012230731338263093,0.1549339560426006,0.032890029375477275,42.42652895799256
2,78,0.10553004901903154,0.011161074158657887,0.15192763584695565,0.032251835127602616,42.969476124999346
2,79,0.10371358444420731,0.01096896114426393,0.14782269226986514,0.03138042050498715,43.52439649999724
2,80,0.11438325256463164,0.01209740710110081,0.15032162434810736,0.03191090427729921,44.05999341601273
3,0,9.405647953401393,0.9947605946739388,4.69319183413037,0.9962904274312556,0.19179933401755989
3,1,8.32155332726367,0.8801045262858388,4.73578211598693,1.0053316709207523,0.730490459012799
3,2,7.008946776425313,0.7412805686431677,5.148612523206346,1.0929690395606095,1.3074451670108829
3,3,6.060531925551063,0.6409742712219375,5.402414708741255,1.1468472309591966,1.910934667015681
3,4,5.245502864257536,0.554775128142625,4.79292514396556,1.017462232334314,2.473431459016865
3,5,4.3027619347121115,0.45506891626394963,3.7019990896655273,0.7858758784524326,3.041308834013762
3,6,3.3346305461872725,0.3526773574321946,2.366423586031825,0.5023543143635241,3.660809834022075
3,7,2.6443015082605665,0.27966674426754595,1.9876202806946228,0.42194036148774006,4.232033875014167
3,8,2.193437890059039,0.2319824844290941,1.7181964497071518,0.3647459417364298,4.79757191700628
3,9,1.6555386232233866,0.1750931561017877,1.4911828502677642,0.31655454364070634,5.380699417000869
3,10,1.2756736808413238,0.13491786165616576,1.4798140442237153,0.31414112585738935,5.957195209019119
3,11,1.1576926890952082,0.12243995028939546,1.5000681659962865,0.3184407556938029,6.509306417021435
3,12,1.094596703140093,0.11576678956498722,1.5031135885696258,0.31908725075825695,7.07248816700303
3,13,1.040045751781394,0.1099973692036835,1.4773510982914146,0.3136182813749228,7.625118416995974
3,14,1.0034157465645794,0.10612330481674133,1.4541952385540924,0.30870265844481737,8.248657625023043
3,15,0.962670112748498,0.10181396311842761,1.3996915688664762,0.29713239106841277,8.827321792021394
3,16,0.9079299842020622,0.09602453499022638,1.2765169362688105,0.27098436394815434,9.438213000015821
3,17,0.886581135415197,0.09376663701019981,1.2496064395081299,0.2652716909384746,10.015489000012167
3,18,0.8375604632532779,0.0885821103053201,1.239925760466657,0.2632166358286634,10.577363834017888
3,19,0.8130687771258859,0.08599181941017328,1.2409464886555002,0.26343332028553096,11.145642292016419
3,20,0.794644776275528,0.08404325933935462,1.2250547283849713,0.2600597508274451,11.753349292004714
3,21,0.7722784315936185,0.08167774890916543,1.1979881144823858,0.25431393661673735,12.33141483401414
3,22,0.7552410088240258,0.07987583617652246,1.1745143687608979,0.24933083151794327,12.897064667020459
3,23,0.7447399573431736,0.07876522346089167,1.1448107359770798,0.24302521988978898,13.477084709011251
3,24,0.728431347879354,0.07704039151641438,1.1239162579892439,0.23858965255285072,14.041526667017024
3,25,0.7169343199729051,0.07582444229379161,1.108163788601925,0.2352456523470936,14.609425333997933
3,26,0.7012273621411865,0.07416324225838644,1.0962804353668285,0.2327230043300635,15.203283459006343
3,27,0.6800408245139801,0.0719225106390938,1.0632649593122672,0.2257143407354844,15.81898566702148
3,28,0.6538040820721056,0.06914765901344395,1.0310918080153668,0.21888448936987562,16.393564416997833
3,29,0.6325612440854133,0.06690097295280287,0.9982758114829383,0.21191817212409145,16.99074454201036
3,30,0.6059192498595086,0.06408326106833069,0.9598191643819479,0.2037544339407964,17.566894000017783
3,31,0.5843363412267593,0.061800608439540466,0.9270103231456377,0.19678963565125354,18.161137709015748
3,32,0.5681758261551585,0.060091439261350126,0.892984512859456,0.18956649407259776,18.737151417008135
3,33,0.5473816201744488,0.057892201440667854,0.8588664080484483,0.18232375982548985,19.31307375000324
3,34,0.5225466859092603,0.05526560791933656,0.8301087761756614,0.17621896923455538,19.8932134170027
3,35,0.5090806367231353,0.053841410972707913,0.8118816860283468,0.1723496461649901,20.474291792022996
3,36,0.48658573420841844,0.05146230400277505,0.7735524580926922,0.1642129570560099,21.066305959015153
3,37,0.4668033555701881,0.04937007911452431,0.7405832869496933,0.15721412326207893,21.645968042023014
3,38,0.44628769248119377,0.04720030056065467,0.7166560261633498,0.1521347440850497,22.246822209010134
3,39,0.4199794597458547,0.044417887975122784,0.6826794480301529,0.14492205371411657,22.833332834008615
3,40,0.420785376408496,0.044503123372254226,0.6601941910844946,0.14014878915450957,23.41936333401827
3,41,0.41447665972032516,0.043835900572140304,0.6289502375996325,0.13351619179385993,24.041666292003356
3,42,0.3835409119191097,0.04056407251394775,0.6123835608393375,0.12999934823536768,24.648438667005394
3,43,0.3537400134012856,0.037412268440663476,0.5896338681572312,0.12516994814961874,25.23312770901248
3,44,0.32865115689347874,0.03475881958280253,0.5494449906223299,0.11663848483161687,25.819874334003543
3,45,0.3365188160391299,0.03559091933065558,0.5277444537332684,0.11203180393366953,26.4067720840103
3,46,0.3027862092150038,0.03202328973293765,0.5086142317504487,0.10797076025386226,26.99043545901077
3,47,0.30644910430166866,0.03241068502060853,0.5001230994149204,0.10616822710309315,27.579491542011965
3,48,0.30566292103777104,0.03232753666815136,0.48638712200155426,0.10325229626284349,28.170297834003577
3,49,0.27581099607757115,0.02917033593379564,0.4660232339755275,0.09892936478621618,28.767742833995726
3,50,0.27328268798901084,0.028902936891203827,0.4495191354059831,0.09542580558826455,29.35024025000166
3,51,0.2648509383554258,0.028011177777828376,0.4360075532045502,0.09255751030383953,29.932790959021077
3,52,0.2445123974637113,0.025860132030371335,0.4191599626296563,0.08898103318373092,30.519650250003906
3,53,0.24876380022819167,0.02630976909558421,0.41058813551815476,0.08716136980780008,31.110445084021194
3,54,0.24958643627231833,0.02639677276875058,0.39823871861662785,0.08453978384281283,31.699863750021905
3,55,0.21343554129824605,0.022573380062520448,0.37921299143721005,0.08050092275771402,32.31428895902354
3,56,0.22269780091201732,0.02355297561266939,0.36447384261468224,0.07737203448735204,32.90374120901106
3,57,0.23031076183133006,0.02435813795436498,0.35468796894119464,0.0752946482202821,33.504788959020516
3,58,0.19408765876028472,0.02052710837188336,0.3385409348951425,0.0718668881755088,34.10496825000155
3,59,0.1890972641614517,0.019999314016471887,0.33132041413855684,0.0703340857746907,34.73768554200069
3,60,0.19365437977551309,0.020481283898897928,0.3208728067461624,0.06811622390104938,35.38784629199654
3,61,0.1679428562429907,0.01776198050099268,0.3066694039052129,0.06510106603247912,36.0157932919974
3,62,0.19824302839502295,0.020966588776574393,0.3039667226165447,0.06452732952405091,36.61772516701603
3,63,0.15528224117835404,0.016422967916954672,0.2856976782187227,0.06064910023039595,37.22075437501189
3,64,0.14717754501240637,0.015565798648273494,0.27020282920025207,0.05735978875598966,37.846983834024286
3,65,0.14334431535483855,0.01516038842745984,0.25945756105422546,0.05507873821034284,38.45021574999555
3,66,0.14680975710560645,0.0155269006458504,0.25648170752346733,0.05444701155374833,39.049171624996234
3,67,0.13626236411173698,0.014411386756874039,0.2492912615363578,0.05292059355101052,39.65785141699598
3,68,0.13637310618568793,0.014423099065466138,0.24232049566635375,0.05144081016401065,40.27724133399897
3,69,0.12698715545377173,0.013430421689285503,0.23779090673055997,0.05047925004534866,40.88994525000453
3,70,0.13067713501653155,0.013820681486629738,0.23800039245856736,0.05052372055345349,41.51755245900131
3,71,0.12776243240935609,0.013512416568234296,0.23275543570387378,0.04941029915674206,42.146841584006324
3,72,0.13380555352398005,0.01415154943642718,0.23086525279621492,0.04900904320907343,42.75633837500936
3,73,0.12436372470527146,0.013152962279323187,0.23105431290797931,0.049049177681777086,43.36609341701842
3,74,0.13350024433238455,0.014119259310909446,0.23123042537656746,0.049086563574535544,44.045894334005425
3,75,0.12285197861278703,0.012993076915826036,0.2274349347339449,0.04828084091748365,44.670322417019634
3,76,0.11997335125018412,0.01268862738919539,0.22659016562949824,0.04810150979233568,45.29071400000248
3,77,0.13396041807234796,0.014167928228296874,0.23086484556270703,0.049008956759838025,45.914912709005876
3,78,0.12210560201202351,0.012914138597604406,0.22691865579245826,0.04817124306053119,46.59517208402394
3,79,0.16247021633367326,0.017183182893682678,0.238649172176127,0.05066144623034051,47.2332092919969
3,80,0.16671498544069877,0.017632118369694326,0.23324924701484723,0.04951512749094786,47.868810417014174
4,0,9.544838165498906,1.0094816366313768,4.773004614177994,1.013233418802257,0.24074466701131314
4,1,8.55965699456509,0.9052868578861993,4.988175787165167,1.0589108569899073,0.869061542005511
4,2,7.3476592067265525,0.7771034891117217,5.657236537304036,1.2009418764521331,1.5126357080007438
4,3,6.275565294201833,0.6637166407783512,5.98999136574995,1.2715804657063103,2.2468067500158213
4,4,5.013007031412999,0.530185892601866,5.009530220628138,1.0634440656023605,2.884430083009647
4,5,4.040262959866414,0.42730648696482043,3.3834124583597136,0.7182449734531344,3.6098217079997994
4,6,3.2144730050109933,0.33996924973910914,2.016540040306431,0.42807956923444335,4.2895405830058735
4,7,2.5343297557995763,0.26803590645420117,1.8291845406807832,0.3883069587380687,5.058370125014335
4,8,2.091019137538497,0.22115046736149235,1.5858045568116201,0.33664123597901796,5.784905583015643
4,9,1.8185117377871185,0.1923295265424498,1.4680285958772066,0.3116392615003386,6.455611250014044
4,10,1.4446338133439363,0.15278743137822884,1.3530839319845644,0.28723832662106746,7.192633541999385
4,11,1.1796305863414618,0.12476014724113094,1.3477277562150936,0.28610129518588173,7.888415624998743
4,12,1.0589816380420183,0.11200006732407028,1.3337926341819621,0.283143089091315,8.565041750000091
4,13,0.9826603386523411,0.103928170359257,1.3016915255219785,0.27632853123853585,9.252481875009835
4,14,0.9247769744740415,0.09780630719182784,1.2766501438865767,0.27101264181940526,9.991323417023523
4,15,0.8608547965113033,0.0910457667082696,1.2285539161554997,0.260802573069274,10.682559042004868
4,16,0.8185707639387797,0.08657372080612157,1.1943474582844662,0.2535410828643768,11.378384375013411
4,17,0.7875671221741034,0.08329471214327511,1.1595912442448948,0.2461628881164962,12.001765458000591
4,18,0.7604223356503078,0.08042382391542655,1.1357081968944251,0.24109289475289244,12.633433875016635
4,19,0.7175604114058813,0.07589065900626833,1.0930197894303066,0.23203082074826847,13.23801362499944
4,20,0.6864158757212009,0.07259674911382626,1.0521147679719691,0.22334733139749424,13.849256500019692
4,21,0.671402238579709,0.07100887609486128,1.029689153084487,0.21858672790390227,14.461180417012656
4,22,0.6582546043658267,0.06961835536795832,1.0089638171804824,0.21418706675723978,15.074810542020714
4,23,0.6269850747034152,0.06631122585638587,0.9877500194432469,0.20968371288592144,15.802432042022701
4,24,0.5823613767451772,0.0615917321503266,0.9299763768574026,0.19741928196121009,16.492011917027412
4,25,0.5367698535783537,0.056769879267653166,0.8678264082511826,0.1842258262117066,17.112148083018837
4,26,0.502638749093812,0.05316010374106196,0.816743734897697,0.17338178227138348,17.727912958012894
4,27,0.4628263869374283,0.048949466765250374,0.7612180004497312,0.1615945467051116,18.340139917010674
4,28,0.42498618991347514,0.04494741001375203,0.7015658146398778,0.14893133075354803,19.09412783299922
4,29,0.38510732417158827,0.040729739482507486,0.6459446561691075,0.13712383817588025,19.729241875000298
4,30,0.3457971518388018,0.03657221513115684,0.5937514930436134,0.12604405481370645,20.35031395801343
4,31,0.3142597265583027,0.033236752430241163,0.5409257507458985,0.11482998489429183,20.992766625015065
4,32,0.278359940458824,0.0294399175129753,0.49322251406948264,0.10470334193191072,21.61345087501104
4,33,0.24302381126940975,0.0257026961051482,0.4405414424054022,0.09351998330078656,22.23399779200554
4,34,0.21355455687518657,0.022585967393736688,0.38613608414867545,0.08197058588686462,22.847958375001326
4,35,0.1924703468106769,0.020356058147089084,0.3439489375472066,0.07301492163849056,23.465102125017438
4,36,0.16213102944034827,0.017147309793032812,0.3034588943945569,0.06441952562124291,24.111522500024876
4,37,0.14466453581061609,0.015300017647285682,0.26577171025248025,0.0564191322589828,24.813379625004018
4,38,0.13911729553171895,0.014713330152072832,0.23953380245032285,0.050849239251624614,25.458983832999365
4,39,0.15769476069046126,0.01667812092251219,0.2247939907034778,0.047720210252910865,26.10866266701487
4,40,0.12073294459902066,0.012768963537767245,0.2091962597050287,0.044409058560710306,26.755845208012033
4,41,0.12288358251342978,0.012996419409097435,0.20146337942176995,0.04276749033273904,27.448934083018685
4,42,0.11709909138833491,0.012384639778391122,0.19626032177728553,0.04166296345470373,28.14035950001562
4,43,0.12064371350446688,0.01275952627442064,0.1941233599684016,0.04120932024785797,28.84759583300911
4,44,0.11871594279631179,0.012555641295359108,0.19245528307329193,0.04085521389517679,29.48838804202387
4,45,0.11088451482550382,0.011727373430775703,0.1889206732340032,0.04010487210816986,30.107301042007748
4,46,0.11457126706045753,0.012117291899320102,0.18806130497073303,0.03992244181241509,30.739582875015913
4,47,0.1088256139564217,0.011509619857279243,0.18659433296437097,0.03961102684816423,31.3908973330108
4,48,0.111534857135662,0.011796154965700217,0.18573776984066312,0.03942919203918952,32.015857125021284
4,49,0.10896816555549707,0.011524696406409136,0.18541120174084472,0.03935986679461132,32.63669316700543
4,50,0.10372331788859533,0.010969990573281008,0.1841724684695338,0.039096903305377274,33.28295100000105
4,51,0.1097075713750474,0.011602897480530273,0.18427654448606623,0.03911899699825434,33.893426333001116
4,52,0.10665535493964531,0.011280088817969587,0.18307690234519156,0.03886433193798453,34.503172875003656
4,53,0.13242638892980385,0.014005686163779407,0.19322301956619295,0.04101819221477251,35.11711366701638
4,54,0.1179547441041893,0.012475135362392847,0.1848284962675232,0.039236167635148006,35.74282258300809
4,55,0.11223661712851801,0.011870374540074079,0.18415216021414027,0.039092592183828975,36.35976641700836
4,56,0.11107047470301588,0.011747040928353315,0.18234199830236394,0.03870832342846122,36.980912833008915
4,57,0.09896989649870101,0.01046725898987775,0.180231221206501,0.03826023882221178,37.68302291701548
4,58,0.10607699778102779,0.011218920580130935,0.18115984829572881,0.03845737167174135,38.323667375021614
4,59,0.10614685330873148,0.011226308643837344,0.18031154756727533,0.03827729083865139,38.94319129202631
4,60,0.10416373619577346,0.011016570115628791,0.179309457725656,0.03806456300822883,39.561861125024734
4,61,0.10057637565769986,0.01063716351654665,0.17900622991362092,0.03800019253773911,40.1788497500238
4,62,0.10089775916112147,0.010671153694210749,0.1790646001695949,0.03801258362025372,40.78866962500615
4,63,0.10278233829979376,0.010870470644407444,0.1784741162932015,0.037887233228794115,41.438978375023
4,64,0.09793198666574102,0.010357487519823969,0.1777568005598888,0.03773495843931117,42.04454016700038
4,65,0.10032651222499936,0.010610737448068239,0.17773820838049526,0.03773101161356666,42.65538037501392
4,66,0.10320521223562219,0.010915194658102288,0.1782220932299945,0.037833732716937976,43.27678929202375
4,67,0.10745381870671168,0.011364535981598043,0.18002552746281572,0.038216573292427586,43.883740707999095
4,68,0.09673881362696081,0.010231295095071702,0.1771450721442359,0.03760509816804109,44.489836458000354
4,69,0.10938678314632917,0.011568970260338202,0.17934794235701523,0.03807273268702772,45.10197808302473
4,70,0.10147621513298935,0.010732332382741176,0.17806558949985382,0.037800509449339464,45.729896417004056
4,71,0.09372157934860893,0.009912186217100303,0.17596577567300947,0.03735475217177434,46.334160667000106
4,72,0.09985116879899704,0.010560464153610795,0.17727456197255032,0.03763258681136933,46.94158770801732
4,73,0.09650324419168473,0.010206380789041623,0.1752622779000748,0.037205410716818904,47.70645037500071
4,74,0.09670713482074336,0.010227944679633281,0.1749639084249388,0.03714207159444298,48.35683262502425
4,75,0.09743448150109893,0.01030487035449048,0.17467451186709138,0.03708063728054637,48.97019641700899
4,76,0.0992707539772957,0.01049907829310935,0.17493590347617807,0.037136126586576876,49.59887554202578
4,77,0.10098364747107973,0.010680237417810963,0.17511247394904622,0.037173609706402974,50.23424029201851
4,78,0.0988532098719279,0.010454917973201984,0.1742832156623069,0.036997571282629586,50.84828779200325
4,79,0.09873019877502101,0.010441908067609425,0.17462738907612374,0.03707063385703117,51.45777070801705
4,80,0.10898244512804094,0.011526206643252553,0.17598138900110444,0.037358066634483544,52.06751383302617
5,0,9.62397811850803,1.0178516401768907,4.765978915053761,1.0117419739538742,0.2570168329984881
5,1,8.792152393717698,0.9298760475588115,4.959810406687794,1.0528893351687587,0.8739560420217458
5,2,7.732384400157653,0.8177928136643345,5.386681373940818,1.1435072927237182,1.5038348750094883
5,3,6.7281555514052505,0.7115835134945993,5.9355340071346685,1.2600200294383883,2.1245571250037756
5,4,5.937783288504693,0.6279921239218672,5.6435368061507445,1.198033640119847,2.738479207997443
5,5,5.093078259593907,0.5386543897172303,4.646078914240944,0.9862890993898956,3.3477104580088053
5,6,4.120137397448248,0.4357541711033085,3.3146602061102013,0.70364995726769,3.955029292003019
5,7,3.232135391007919,0.3418372598628889,1.9617443634412,0.4164473133508391,4.5847207920160145
5,8,2.6426170619326697,0.27948859377338153,1.8803814343358018,0.3991752498425943,5.1910062080132775
5,9,2.2664132956323333,0.2397005128099469,1.71728087937635,0.3645515806302879,5.9181302080105525
5,10,1.8293790085383648,0.1934788713583041,1.5728859144569896,0.3338988124497417,6.589051167014986
5,11,1.498809609339613,0.15851717453984743,1.478232765614212,0.31380544540846905,7.228888875019038
5,12,1.2953288756307442,0.13699663532003495,1.4726442431538527,0.3126190904441887,7.857517333002761
5,13,1.224909075492553,0.1295488930050619,1.4910174606269329,0.3165194340347537,8.595611458003987
5,14,1.1350792908530056,0.12004831096858959,1.4862235110090372,0.31550175432280086,9.212343332997989
5,15,1.1132422938725202,0.11773878543565221,1.47490751656795,0.31309954760784575,9.830305917013902
5,16,1.1050901611386348,0.11687659917837388,1.4678051109477877,0.3115918191831003,10.438311875012005
5,17,1.0553738486276911,0.11161850012518777,1.4478228106883468,0.30734989275644975,11.045476583007257
5,18,1.0366643670657336,0.10963974702951365,1.442342350100218,0.30618647761919515,11.651839292026125
5,19,1.0155342333048074,0.10740498079866004,1.4197777104099898,0.3013963613579502,12.255050375009887
5,20,0.9870232046483801,0.10438959600416783,1.3860200642187108,0.29423014677699133,12.87238245800836
5,21,0.9793617591360531,0.10357930583259616,1.3387086019407357,0.28418667132548003,13.471516417019302
5,22,0.9500589786415239,0.10048018374183192,1.3116767444361819,0.2784482353485788,14.074368833011249
5,23,0.9495613233948293,0.10042755070351311,1.264317263992593,0.2683945663996708,14.680199499998707
5,24,0.9154692408161501,0.09682190221362086,1.1707486921923134,0.24853143791745172,15.287627917015925
5,25,0.8358243344070864,0.0883984937621511,1.0690450075062214,0.22694135358500178,15.898908542003483
5,26,0.7702901514386323,0.08146746432705568,0.9687757617533065,0.20565577795971055,16.52584666700568
5,27,0.7599878718998464,0.08037787413919481,0.9009634431206257,0.19126029482085077,17.126765042019542
5,28,0.6344638937469333,0.06710220107851274,0.7795460100219613,0.16548529337305914,17.732832792011322
5,29,0.558654213384181,0.059084413990019694,0.7428864835069641,0.1577030554778503,18.33952320800745
5,30,0.5118774781470214,0.054137210650924396,0.7259875844123198,0.15411568637018191,18.943803417001618
5,31,0.47027087324707695,0.049736810887113875,0.6876322276497829,0.1459734505243491,19.545865583000705
5,32,0.4501579429885138,0.047609626182373965,0.6577084617468815,0.13962110811529888,20.150368041999172
5,33,0.4149256934518019,0.04388339129941029,0.6182152685043417,0.1312373275738572,20.76888100002543
5,34,0.3888277654082153,0.041123220968879534,0.5803040276024108,0.12318937050379793,21.40556587500032
5,35,0.35736220368800903,0.03779535870531028,0.5410607400018438,0.11485864097916061,22.03188812499866
5,36,0.34248003056344417,0.03622138959007468,0.5154772412638997,0.10942766866998453,22.644791124999756
5,37,0.3198023912648915,0.0338229560035538,0.48647210411830616,0.10327033662267004,23.916291125002317
5,38,0.29719599584472206,0.031432057315551175,0.45738766477765935,0.09709616997310656,24.725680500007
5,39,0.2892655084375154,0.030593312722054646,0.4261122159839179,0.09045688665631993,25.656405625020852
5,40,0.26328975992966897,0.02784606434950403,0.3969428375752437,0.0842646887854935,26.57836020801915
5,41,0.24625925670394166,0.02604488344199469,0.37489775661195673,0.07958486662779993,27.277454042021418
5,42,0.22913015101720632,0.024233274136225638,0.3468704446220866,0.07363511140171487,27.91158079201705
5,43,0.21465720181437803,0.022702585381232984,0.31867693179326473,0.06765007436514117,28.528041542012943
5,44,0.19755138595875046,0.020893439255710248,0.2944806990376846,0.06251359669146647,29.143241875019157
5,45,0.1776246933802778,0.018785951429517708,0.2716898889310868,0.0576754680265609,29.754777499998454
5,46,0.1592033685678776,0.016837674381955218,0.2514510733801232,0.05337908745900454,30.37199979199795
5,47,0.15990496655662637,0.01691187682244284,0.237055793845726,0.05032319720196917,30.968305792019237
5,48,0.1439750444618223,0.015227095629839706,0.21976191624450653,0.0466519804019307,31.570321333012544
5,49,0.13734273757762747,0.014525649267731732,0.20473782396217913,0.04346260313998458,32.178479458001675
5,50,0.12313390468069244,0.013022893994282842,0.1894392507470692,0.040214957915528406,32.78326754202135
5,51,0.1269463178016328,0.013426102615540869,0.18254525823647716,0.038751472298951574,33.38866416702513
5,52,0.11769829904101681,0.01244801320719349,0.17197769672461669,0.036508146062211796,34.00971004200983
5,53,0.10961446412075432,0.011593050266589466,0.16123425831262345,0.03422748394017232,34.61814425000921
5,54,0.10785406678697522,0.011406867038460115,0.15433451413794283,0.03276277733624279,35.229174583015265
5,55,0.10548864822856328,0.011156695526249975,0.147950287521979,0.03140750695974109,36.00020508302259
5,56,0.09527001271571423,0.010075951701913883,0.1424082210865623,0.03023101387509034,36.64449729199987
5,57,0.10075197458388552,0.010655735218687956,0.13975420845073222,0.02966760895221251,37.26111020799726
5,58,0.10594485067599316,0.011204944431604011,0.13571035926672173,0.028809163703350894,37.87180895800702
5,59,0.1009863808735978,0.01068052650806055,0.13418099283386462,0.028484503388805586,38.494159624999156
5,60,0.08460793724568186,0.008948308759335721,0.12771375982688615,0.027111612067815295,39.13109195799916
5,61,0.08611744212405519,0.009107957087437437,0.12789434888653453,0.027149948270081322,39.75938920801855
5,62,0.07885483822203743,0.008339849221584365,0.1219486942949506,0.025887779800569916,40.372146167006576
5,63,0.09042936009029161,0.00956399436435119,0.12268403735654027,0.026043881506835568,40.97900104202563
5,64,0.08222215943228056,0.008695984010612725,0.119175509029069,0.025299076412441057,41.6570630420174
5,65,0.08149964476851003,0.008619569379727769,0.12245883224475428,0.025996074022076626,42.28412075000233
5,66,0.11640518901857919,0.0123112512423324,0.12691846460626655,0.026942783466026004,42.88099912501639
5,67,0.11555419325172203,0.01222124818679621,0.13709397346588695,0.029102883123013547,43.47241870799917
5,68,0.08464720882805057,0.00895246220233342,0.12066345949978942,0.025614944773007502,44.0620087920106
5,69,0.08974019415444415,0.009491106763245015,0.11849573384551654,0.025154770888159386,44.65360020802473
5,70,0.10037512768246466,0.010615879118436738,0.11429189754067086,0.024262362902926923,45.23958204200608
5,71,0.08726632074579138,0.009229464843907652,0.11102185072520028,0.023568183663158198,45.829250042006606
5,72,0.0853568621628249,0.009027516592717782,0.11106738275055686,0.02357784939228404,46.4317722080159
5,73,0.07340146944178572,0.0077630897683605505,0.10687345841018898,0.02268754556040292,47.018938624998555
5,74,0.08002426535739751,0.008463530230948315,0.10602952912443125,0.022508392715485145,47.60804829202243
5,75,0.07170099710576837,0.007583244330748623,0.1047928881794322,0.02224587339404761,48.19695354200667
5,76,0.07938253636281417,0.008395659657923053,0.10312340270874315,0.02189146802304038,48.78737229201943
5,77,0.08839814283375493,0.009349168666426393,0.10781826461315944,0.022888112979989668,49.37539420800749
5,78,0.08685370761121845,0.009185826033572464,0.10768630659709477,0.022860100379423896,49.98323787501431
5,79,0.07297702439552727,0.007718199590808266,0.1024549504317761,0.021749566172812623,50.57967987502343
5,80,0.07967431617914496,0.008426518888998365,0.10235559493621656,0.021728474571907075,51.2240480830078
6,0,9.416681623754888,0.9959275382525904,4.729221110940373,1.0039388732782872,0.2315541249990929
6,1,8.711781948203715,0.9213759046053654,4.904758238817149,1.0412026302998056,0.8492428750032559
6,2,7.7415380886884435,0.8187609265143435,5.466532210898527,1.160458362975054,1.5639574170054402
6,3,6.931967902810767,0.7331391252813158,6.471073339402221,1.3737065628485348,2.1971838340105023
6,4,6.259262044764181,0.6619923757212213,6.475426035577505,1.3746305714307998,2.7993382920103613
6,5,5.0972574021200066,0.5390963843916097,5.202121532111588,1.1043281561784166,3.3925195840129163
6,6,3.9899066334885034,0.4219806987340191,3.6240941771917714,0.7693378972041431,3.981766167009482
6,7,3.550094647187371,0.3754652821242125,2.7296568063521454,0.5794629843519136,4.570487167016836
6,8,3.047419470602291,0.32230132573705367,2.197248357933555,0.46644108808390045,5.164740542008076
6,9,2.512154481842352,0.265690604055256,2.0098920822494164,0.42666831284257767,5.774440959008643
6,10,2.053941878097963,0.21722910045166582,1.7613956962553265,0.3739164588022775,6.369620667013805
6,11,1.6644154334907404,0.17603198573948078,1.5082058346858744,0.3201682541007684,6.966826834017411
6,12,1.359778119176111,0.14381291933928633,1.385453304839626,0.2941098327212281,7.564035542018246
6,13,1.198429515316509,0.12674836047844315,1.33500410230201,0.2834002646199956,8.341371042013634
6,14,1.1073923389786167,0.11712008222265657,1.2746065105373745,0.2705788107690351,8.971868000022369
6,15,1.0022345664374703,0.10599838078689444,1.1880828135829833,0.2522111978377397,9.602391667023767
6,16,0.9029451395589643,0.09549732760950233,1.0815554545383799,0.22959712370084975,10.200531125010457
6,17,0.8263651385891592,0.0873980698356341,1.0002116715928635,0.21232912461964865,10.795696417015279
6,18,0.7817775008395507,0.08268238993110749,0.9502252575076108,0.20171779919020769,11.39332587501849
6,19,0.7529658821108035,0.07963521411481908,0.9123028412007967,0.1936674697583739,11.983823500020662
6,20,0.7083745065469256,0.07491913889139856,0.8823543752067742,0.18730988391048495,12.577911875006976
6,21,0.7065977183397444,0.0747312221309221,0.8677024564770256,0.18419951320971983,13.176474917010637
6,22,0.665058914021809,0.07033799309555186,0.8435316497677143,0.17906843308368445,13.780257167003583
6,23,0.6319708031498166,0.06683852670995773,0.8144977025370376,0.17290498511079172,14.368969000002835
6,24,0.603457765233042,0.06382292941197529,0.7792286200715514,0.1654179165044946,14.959075209015282
6,25,0.5695046852491602,0.060231982121250485,0.7403255472942721,0.15715940920807453,15.548588750010822
6,26,0.5477292131292446,0.05792896358359838,0.7025928543959632,0.1491493550563558,16.137337250023847
6,27,0.5140076998876335,0.054362507265892035,0.6657324436426065,0.14132447261330558,16.726016917004017
6,28,0.48818544669621955,0.051631492872436804,0.6346572384921543,0.13472769785615465,17.334637834021123
6,29,0.46682043656036853,0.04937188563503557,0.6064261861795022,0.12873469178065977,17.927752500021597
6,30,0.44447448433291653,0.047008531952602996,0.584438122641098,0.12406697352082828,18.54562783401343
6,31,0.42333553106315547,0.04477283295242857,0.558864564305452,0.1186381114019032,19.167622084001778
6,32,0.39070442482761303,0.041321700313342494,0.5368893478743926,0.11397312037984937,19.766411625023466
6,33,0.37273925218115517,0.03942166685326093,0.5210128921325694,0.11060279983124444,20.361747750022914
6,34,0.3615244192999859,0.0382355631545778,0.5064517133258278,0.10751169178154342,20.958577625016915
6,35,0.34657234480596144,0.036654201127317786,0.49412846812760136,0.10489566165539449,21.570261042012135
6,36,0.3312786933253904,0.035036713218252774,0.4795330743345538,0.10179729030503665,22.25688541700947
6,37,0.320077705687092,0.03385207382081714,0.4666602190145951,0.09906458663933218,22.86399158401764
6,38,0.3012820859146228,0.03186421057154836,0.4515439402262545,0.0958556396396201,23.46895108401077
6,39,0.2985615991497259,0.03157648631847628,0.4379359373358575,0.09296687576733072,24.069586292025633
6,40,0.2807944100554414,0.029697392004434553,0.4226593951030578,0.08972390737211107,24.67174254200654
6,41,0.26424777640549946,0.027947386134449206,0.4063078185224733,0.08625272618105626,25.28858083402156
6,42,0.25440015844223784,0.02690588188617322,0.392162666711921,0.0832499340852956,25.888607417000458
6,43,0.24688929964204004,0.026111518073747644,0.3762368692396662,0.0798691390674085,26.49746204202529
6,44,0.2506247584571266,0.026506587849980525,0.3580561494930388,0.07600965970079711,27.100511834025383
6,45,0.22228594690597556,0.023509417089322703,0.33883055294132675,0.07192836950787762,27.70136000000639
6,46,0.20864964067561867,0.022067213408930836,0.3231623327841507,0.0686022540817068,28.30232316700858
6,47,0.20552466995668528,0.021736710104309418,0.3106653574372086,0.06594934379164406,28.9050804170256
6,48,0.18800160982395234,0.019883435369330536,0.2972554233106567,0.06310262678646907,29.690537000016775
6,49,0.18660283111108722,0.019735497667311426,0.2872756510736875,0.06098407891989141,30.305688042019028
6,50,0.1785400311971063,0.018882759432061174,0.2743639541438106,0.058243129794483775,30.915630000003148
6,51,0.16819827249507904,0.017788993847024294,0.2629106633253042,0.05581177722924635,31.523614709003596
6,52,0.15556012245938075,0.01645235721046559,0.25089131775202284,0.05326026018884662,32.127334875025554
6,53,0.22744351577051666,0.024054892137525773,0.2485714526138679,0.05276778949688235,32.734096625004895
6,54,0.13764775016572703,0.014557908023856156,0.22573054181410843,0.04791902524690616,33.348113292013295
6,55,0.1464294222370711,0.01548667565105218,0.21388304431292712,0.04540398883531021,33.941549334005686
6,56,0.1387889555407181,0.014678604242032245,0.20453885123269835,0.043420364375257356,34.60533708400908
6,57,0.12158688364300253,0.012859277880321339,0.1952051848969158,0.04143897457662352,35.21742191701196
6,58,0.13196579833355465,0.013956973158817278,0.19056455367596445,0.040453841936391455,35.82714770900202
6,59,0.12000495510546624,0.012691969877669358,0.18231888794406137,0.03870341746476633,36.43490229200688
6,60,0.12482986053886433,0.013202261759945995,0.17606228558943052,0.03737523970121715,37.04242079201504
6,61,0.11337819955006896,0.011991110635466706,0.16866589858406245,0.035805103676212625,37.65547970900661
6,62,0.10810569365950058,0.011433479611946745,0.16297473620133773,0.03459695987914235,38.25534050000715
6,63,0.11244775534952418,0.011892704950836533,0.1580449417162601,0.03355044244958232,38.85462729202118
6,64,0.11372866531522127,0.012028176612705381,0.1530429925805375,0.03248860772844911,39.4572640840197
6,65,0.10011206225494758,0.010588056779942725,0.14667999241414756,0.03113784339160362,40.058580792014254
6,66,0.09594388422388207,0.010147221733018593,0.14145983191106945,0.030029685847083574,40.66166995902313
6,67,0.08890102721852665,0.009402354749099926,0.13676857369355777,0.029033805895890153,41.28491975000361
6,68,0.10345033271248547,0.010941119101855584,0.13483351070259214,0.0286230226160857,41.879502625000896
6,69,0.09687516452362445,0.010245715845212621,0.12800223891474893,0.027172851617339278,42.4761194169987
6,70,0.10350278835762909,0.010946666918339424,0.12651079750497332,0.026856242185602862,43.07880562500213
6,71,0.0875570760049667,0.009260215715719437,0.12157077762673493,0.025807554066737376,43.68035358400084
6,72,0.0938364325464949,0.009924333326581254,0.12083032396545472,0.02565036746095556,44.28070391700021
6,73,0.08329458525890925,0.008809405962861646,0.11576361678168014,0.024574785630040022,44.903569250018336
6,74,0.10299657601964822,0.010893128864517303,0.11650727862209397,0.024732653281530872,45.49544466700172
6,75,0.09262490728111904,0.009796199932750374,0.1130389497261904,0.02399638189090867,46.0928305000125
6,76,0.08544830668875618,0.009037187953101006,0.10913520707572462,0.02316767904404649,46.75628425000468
6,77,0.0720660687587515,0.0076218550566039085,0.10462703081406471,0.022210664497570608,47.376384334027534
6,78,0.08199465901825767,0.008671923100799474,0.10564298368864758,0.022426335230717985,47.99284820901812
6,79,0.08058528122845805,0.008522864418691954,0.10413862908399982,0.022106984531866696,48.607850084023084
6,80,0.08564751386552259,0.009058256512184362,0.10375882288876134,0.022026357681320472,49.23247983402689
7,0,9.419384016503855,0.9962133488454727,4.723862552097608,1.0028013359543173,0.23170229099923745
7,1,8.584471832156005,0.9079113259420922,4.860027592006545,1.0317070211695492,0.8577563330181874
7,2,7.506123022939366,0.7938629469216596,5.351295505066396,1.135995432209187,1.4787433329911437
7,3,6.6205427258440634,0.7002021606223522,6.060406284763086,1.2865284397590553,2.0843546249961946
7,4,5.879690336603441,0.621848094327526,5.8929419348625744,1.2509784058719802,2.75592179101659
7,5,4.930786285623012,0.5214900581009579,4.74865031403915,1.0080633859221468,3.3754227079916745
7,6,3.8704538381522076,0.4093471264046161,3.26446448583204,0.6929941994426073,4.026528332993621
7,7,2.9038386523978392,0.3071159242837514,1.675600800431366,0.35570355882869004,4.656632583006285
7,8,2.379995848134625,0.2517132362322501,1.208223711996965,0.2564867921451762,5.566648790991167
7,9,2.029295302602075,0.2146224281396217,1.0041337681693063,0.21316172371482178,6.227911207999568
7,10,1.765553005424569,0.18672850252378062,0.883554793312293,0.1875647136957808,6.852751333004562
7,11,1.4688802565964902,0.15535178488456183,0.7397121100943349,0.15702918618891662,7.4782615000149235
7,12,1.131953267973228,0.11971769638528197,0.5804022306925506,0.12321021746725229,8.074878457991872
7,13,0.8988019854503794,0.09505913914388033,0.494361756301964,0.10494518504654593,8.670533500000602
7,14,0.67797642237881,0.07170417524042673,0.4172302725519386,0.08857139048846371,9.26004591601668
7,15,0.6374294534884143,0.06741584475161129,0.39668579367603257,0.08421012242953266,9.847561166010564
7,16,0.5059047830723659,0.05350552618498371,0.3506902645830996,0.07444599878841665,10.435590375011088
7,17,0.47567273524193904,0.05030812287720514,0.34433899219741243,0.07309772407399917,11.042362915992271
7,18,0.40539420423557143,0.042875321474998375,0.3029053318795869,0.06430201305108998,11.627568666008301
7,19,0.3302844122132659,0.03493155601108638,0.24817211030299827,0.05268301543785193,12.216524165996816
7,20,0.2799045003514945,0.029603273331197985,0.24341370547228636,0.05167288132225821,12.811633416014956
7,21,0.25073628691854083,0.026518383328521623,0.2119809119523269,0.04500019620770193,13.404228291008621
7,22,0.25666749716189546,0.027145680273723778,0.2068280042087382,0.04390631536076121,13.995074750011554
7,23,0.20408592509064594,0.021584545500061413,0.19172900494648037,0.0407010365312487,14.59831391600892
7,24,0.20580126588745964,0.021765963456544656,0.19996880105810094,0.042450214975286026,15.208378832991002
7,25,0.20846342361026207,0.022047518710639945,0.19099577297868506,0.04054538297681937,15.803691915993113
7,26,0.1766752540944551,0.01868553678575781,0.17784459558372398,0.03775359593483969,16.4080585000047
7,27,0.17502574634498672,0.018511081467218374,0.18392946806521646,0.03904531816135595,17.00222704099724
7,28,0.15381608031061664,0.016267903740206414,0.16769423861090152,0.03559883562577021,17.596213665994583
7,29,0.17746127940262627,0.018768668432493786,0.16975113963940788,0.03603548319469579,18.188297707994934
7,30,0.15151367494005888,0.01602439663182392,0.15887529897807154,0.033726714168388815,18.79809783300152
7,31,0.1460108826918499,0.015442410051386796,0.160399307109276,0.034050237000207546,19.38841762501397
7,32,0.12153447506885881,0.012853735042162872,0.14636696101622812,0.031071391774824493,19.992265750013757
7,33,0.1461085901848113,0.01545274379599258,0.15046705807401617,0.03194177755801509,20.599285875010537
7,34,0.10387245758874586,0.01098576389347609,0.13698912230603205,0.029080624879464067,21.20914120800444
7,35,0.17669519849239865,0.018687646146139682,0.14956151875317714,0.03174954587669885,21.81670366600156
7,36,0.15544573739827652,0.016440259612089638,0.14664642477482662,0.03113071751247724,22.439642875018762
7,37,0.1445178907302271,0.015284508163186716,0.13851765836879143,0.029405108919565704,23.098763499991037
7,38,0.10672089256205974,0.011287020211167535,0.12627401317623355,0.026805976616151046,23.831694499996956
7,39,0.1162947771292561,0.012299573854742913,0.12665034795756872,0.026885866540408348,24.502356500015594
7,40,0.09366571103098154,0.009906277469383846,0.12178879015865851,0.02585383468050559,25.141586458019447
7,41,0.09874233687921531,0.010443191818373472,0.11801934036797718,0.025053640084617215,25.774107625009492
7,42,0.1091946459282395,0.011548649434567048,0.11958719107732968,0.02538647000262943,26.395104750001337
7,43,0.11281889848018704,0.011931957808608423,0.12094966868677137,0.025675702458461423,27.033683832996758
7,44,0.09239556644526285,0.009771944376153998,0.11440714367710161,0.02428682783565978,27.639609250007197
7,45,0.0980163767553973,0.010366412788575996,0.11236055018821896,0.02385236839443501,28.25709366600495
7,46,0.09495962275440437,0.010043124223783388,0.10963260611268232,0.023273268995757105,28.875635375006823
7,47,0.08039262031269669,0.008502488205582267,0.10677958739931238,0.022667618228886334,29.486036749993218
7,48,0.09593993716225624,0.010146804283695635,0.10931027308193238,0.023204842789386067,30.090473457996268
7,49,0.0923583375656172,0.00976800697358069,0.10591462070260557,0.022483999474223706,30.718456750008045
7,50,0.09650484454258709,0.010206550045431317,0.10728365420050152,0.02277462364152651,31.34735150000779
7,51,0.07541635615609765,0.007976188314687147,0.10321134220825158,0.02191013618847018,31.96487595801591
7,52,0.09405392115631059,0.00994733536747274,0.1052292045241408,0.022338496455905788,32.57632283301791
7,53,0.09850242753397537,0.01041781851457547,0.10232835327703967,0.021722691598352082,33.185016833012924
7,54,0.08471360198011225,0.008959484078099383,0.09797610577968122,0.0207987782633172,33.791801290994044
7,55,0.08841370281957579,0.009350814322400864,0.10025147326811222,0.02128180280774905,34.4111865000159
7,56,0.08951772545883988,0.009467578018279006,0.09790737738557373,0.020784188311838113,35.04535825000494
7,57,0.09002846374815472,0.009521594745985454,0.09527533366100428,0.020225447041494333,35.65268699999433
7,58,0.09094744060159578,0.009618787620495499,0.09493171611483811,0.020152502469006767,36.25815316601074
7,59,0.08165087457545882,0.008635563753899343,0.09465878738398202,0.02009456401442551,36.86426154099172
7,60,0.08502963404767853,0.008992908276945202,0.09298584741044866,0.019739425307079825,37.46721366600832
7,61,0.08050995169993845,0.008514897413445965,0.09018173880503422,0.019144157382863455,38.0712240000139
7,62,0.07215724453729802,0.0076314979937132,0.08841905292221766,0.018769967037851963,38.69772470800672
7,63,0.06875704282488655,0.007271885695421024,0.08603636534747224,0.01826416013581679,39.382695166015765
7,64,0.0793912303936571,0.008396579156434401,0.09012664816326459,0.019132462510594014,39.99512937499094
7,65,0.07073959419311857,0.007481564389308446,0.08588177730397518,0.018231343538205887,40.60588925000047
7,66,0.06742130127779435,0.007130614933183362,0.0878767020749497,0.01865483452749669,41.21593891599332
7,67,0.09020221521263731,0.009539971056792586,0.0900746340232308,0.019121420731003872,41.826407540997025
7,68,0.07062518643662055,0.0074694643906211555,0.08471864329706463,0.01798442857758624,42.43821987500996
7,69,0.06919630282366782,0.007318342732700003,0.08281924402056812,0.017581216140523357,43.06460154100205
7,70,0.08881103634509337,0.009392837129982644,0.08571424211073969,0.01819577846539882,43.669532250001794
7,71,0.07125352580880676,0.00753591884975355,0.08212688646570757,0.017434239577739173,44.27107658301247
7,72,0.06866516991624508,0.007262169028404844,0.08111207473493366,0.017218811091381056,44.87467083299998
7,73,0.0876566373302922,0.009270745525433556,0.0858299516749943,0.01822034177653193,45.47939849999966
7,74,0.06805087364530528,0.007197199796427044,0.07891530113236093,0.016752470786354418,46.08230562499375
7,75,0.056756637083580745,0.006002698201832886,0.07639417996236308,0.01621727662067025,46.714516208012355
7,76,0.07662484904037405,0.008104000997681226,0.08200439908833797,0.01740823744403839,47.31357291599852
7,77,0.06903238393293545,0.007301006335034359,0.0781012924958508,0.016579669622229044,47.92014812500565
7,78,0.06609308458858064,0.006990140015329322,0.07431008643660347,0.015774856514488827,48.5205673330056
7,79,0.0694596963924586,0.007346199776087308,0.07621507122959888,0.016179254668397893,49.12332954100566
7,80,0.06927367843739703,0.00732652613610909,0.07777970143085917,0.016511400923458087,49.72511745800148
8,0,9.621869212112669,1.0176285979165005,4.715481207583094,1.0010221090222138,0.22813820900046267
8,1,8.692472272879357,0.9193336737879051,4.575965808460503,0.9714051955148109,0.8473541669955011
8,2,7.32807794660368,0.7750325349296391,4.3417028425161766,0.9216748715219427,1.472672625008272
8,3,5.9509300213481175,0.6293825493179841,4.1328650540414476,0.8773419107360261,2.0828394170093816
8,4,4.6309170327047475,0.4897752716412407,3.358965433766357,0.7130552566372969,2.696732292009983
8,5,3.544279511197452,0.3748502614298275,2.1743220235853222,0.4615741897651222,3.313099124992732
8,6,2.847260008606294,0.30113205101709684,1.4590838499514842,0.30974043335596274,3.935900959011633
8,7,2.40997392356459,0.2548837788987028,1.269319607699492,0.26945648488202656,4.538024375011446
8,8,2.0826962359473304,0.22027022024005424,1.0773394500593734,0.22870213260462072,5.159921459009638
8,9,1.7444088746138322,0.1844922559362666,0.9205261485586328,0.19541314790066855,5.850984416989377
8,10,1.355845344853296,0.1433969810707626,0.757178968126892,0.1607371239997225,6.470164875005139
8,11,0.9929862547233145,0.10502026039518057,0.5657242730559221,0.1200943191182294,7.082122291991254
8,12,0.7825735435898085,0.08276658104303891,0.4946373331449518,0.10500368565346632,7.715611291991081
8,13,0.6523950290040376,0.06899863467457194,0.4360927048029773,0.09257558664194623,8.317501250014175
8,14,0.5721300713992103,0.06050964833848629,0.4058183949465449,0.08614882929363082,8.92472558398731
8,15,0.5099163582635867,0.05392979859477074,0.36626204049210076,0.07775164062547511,9.531316709006205
8,16,0.46389761655486933,0.049062762203965216,0.34169608870146084,0.072536677445883,10.138852083997335
8,17,0.41517217669310164,0.04390945987192196,0.31984183361461854,0.06789736460481813,10.747274916997412
8,18,0.3842792125383946,0.04064215669982485,0.3055881090218237,0.06487152422391362,11.551505125011317
8,19,0.37482193148773124,0.039641935283015996,0.296613725608942,0.06296640450957988,12.208808958996087
8,20,0.33677789325884155,0.03561831986812239,0.28259412105181975,0.05999026411083127,12.824635041994043
8,21,0.31599092952963437,0.0334198480027945,0.2721343069020562,0.057769810935588244,13.438215041998774
8,22,0.3246666007287494,0.03433740476060472,0.270422448908727,0.057406410547930414,14.043084250006359
8,23,0.2697134282461783,0.028525444669305188,0.2532458966195718,0.05376010005674021,14.643788499990478
8,24,0.269454976945251,0.028498110330291183,0.25164437952930013,0.05342012329832141,15.241376874997513
8,25,0.26888001577940235,0.02843730125960433,0.24885839271975335,0.052828702344863726,15.856556749989977
8,26,0.2371388930750144,0.025080295101871528,0.2387509285568593,0.05068304750121045,16.449942209001165
8,27,0.2360527918970074,0.024965426816447384,0.23661122045735278,0.05022882130028413,17.046493750007357
8,28,0.21966570225797105,0.023232294647875427,0.23624934131753916,0.05015200008017942,17.64277858400601
8,29,0.19032354108993027,0.020129007576410746,0.22597468354047295,0.04797085267555389,18.24258037499385
8,30,0.1848910341090739,0.019554454509825608,0.2212851930345004,0.046975347981572865,18.848709292011335
8,31,0.17324098727483409,0.01832232169194604,0.2203346181402625,0.04677355596003254,19.453652708994923
8,32,0.1704063920145997,0.018022529090660024,0.21736499029675332,0.046143150918413416,20.0723952499975
8,33,0.15667597748786175,0.016570372324065524,0.21307514577531503,0.045232484748580756,20.681970167002873
8,34,0.1537432270797143,0.016260198633269034,0.21322953439559664,0.045265259011795886,21.29955570900347
8,35,0.1540918963262254,0.016297074607016113,0.21196313937364517,0.04499642337023072,21.90089854199323
8,36,0.16932859906706785,0.017908539500710037,0.21227329309996337,0.04506226410282464,22.50085704200319
8,37,0.15797326764719227,0.016707576388767267,0.2098092356859606,0.04453918367036522,23.09812204199261
8,38,0.15292204883929697,0.016173349140409223,0.20910210900707635,0.044389071856049366,23.777501292002853
8,39,0.16203648116313085,0.017137310173555645,0.20889857589972877,0.0443458649952002,24.39655249999487
8,40,0.14667368645019732,0.015512509534598623,0.206903546065406,0.0439223517026216,25.002240083995275
8,41,0.15214433150860734,0.016091096162390277,0.2055033316013719,0.04362510830917603,25.609698042011587
8,42,0.1766272563714363,0.01868046044824978,0.20862852309756574,0.044288537054812296,26.244037416996434
8,43,0.14173433576176253,0.014990113687712428,0.2029924257795927,0.04309208270041491,26.857987708994187
8,44,0.15373974144188163,0.01625982998507165,0.2036116085706431,0.04322352541772885,27.468730084015988
8,45,0.1711340116188074,0.0180994836305029,0.20534462648795562,0.04359141772271179,28.094117583998013
8,46,0.13420537394911689,0.014193835263607015,0.19919878107709443,0.04228675190726726,28.701745083992137
8,47,0.1451287830674252,0.01534911738815916,0.20027912435225992,0.04251609170445169,29.311528209014796
8,48,0.17721408483771067,0.018742524628939383,0.20498119813787913,0.04351426762976115,29.9158395419945
8,49,0.13737598087477515,0.014529165146935738,0.19732085633868676,0.041888098175130055,30.524636666988954
8,50,0.14099143089849353,0.014911542547559943,0.19595980384821288,0.04159916824952392,31.132454417005647
8,51,0.15947602838944383,0.01686651144321763,0.19906404486740167,0.04225814954011724,31.754881708999164
8,52,0.1335746471380928,0.014127128304052548,0.1942039160450536,0.04122642102934663,32.35258733399678
8,53,0.12484132167597256,0.013203473913284278,0.19044036872340372,0.040427479434316106,32.958295584016014
8,54,0.15121392102048112,0.01599269404325455,0.1945099214494157,0.041291381138773876,33.564052834000904
8,55,0.13466089706899587,0.014242012321887692,0.19083125707682536,0.040510458851836656,34.32363916700706
8,56,0.1348232267358463,0.014259180639980116,0.1894993767847403,0.04022772172273855,34.98693737501162
8,57,0.14871857734004967,0.015728781383992817,0.19051076027741612,0.04044242244834859,35.606755999993766
8,58,0.12859436691918844,0.01360040366618126,0.18778336028305306,0.039863438549501966,36.24083670901018
8,59,0.12315715766605458,0.013025353277647624,0.18456457816510324,0.03918014199452649,36.86114458399243
8,60,0.14440326497493483,0.015272385108500382,0.18700312994921947,0.039697807985002796,37.52143929200247
8,61,0.11628740988397236,0.012298794679790177,0.18134642515738686,0.038496978989707394,38.14663425000617
8,62,0.12279132569254421,0.01298666213873589,0.17976061588464126,0.03816033675261015,38.75650758401025
8,63,0.10651031081538298,0.011264748654270075,0.1756741585841183,0.03729284647424356,39.384721209004056
8,64,0.1106161914970577,0.01169899500590882,0.1751179282361961,0.03717476756533308,40.08263012499083
8,65,0.112924858862983,0.011943164395748851,0.17410533424744126,0.03695980987054331,40.71149166699615
8,66,0.10991147187136299,0.01162446241470324,0.17180852339391936,0.0364722332387204,41.3252044999972
8,67,0.10908490711094328,0.011537043232453888,0.1699588234927813,0.03607957119330331,41.937012334004976
8,68,0.10091506045279851,0.01067298351425957,0.16443296482614678,0.03490651876172161,42.54413341698819
8,69,0.0981416098869493,0.010379657701104376,0.16232999534305606,0.034460091588226036,43.1623908340116
8,70,0.10725061007781725,0.011343044220740802,0.1613302131439097,0.034247853633816855,43.77942050001002
8,71,0.0934804820880284,0.009886687276942478,0.15694728490188242,0.03331742726174868,44.40391570900101
8,72,0.10888380957625567,0.01151577474524446,0.15619692327551085,0.033158137351622034,45.01296799999545
8,73,0.10112169141157856,0.01069483722773603,0.1531099986284275,0.03250283205305637,45.614214000001084
8,74,0.09481020752491363,0.010027321763040872,0.14939612174433659,0.03171443470663433,46.213643708993914
8,75,0.09329510637254752,0.00986708156153792,0.1468136413842007,0.03116621495496731,46.951725416991394
8,76,0.10125678882287072,0.010709125406696343,0.1454514577164101,0.030877044898300655,47.647417250002036
8,77,0.08972540404803132,0.009489542531293808,0.1415893605784328,0.03005718273532785,48.28074966699933
8,78,0.09166085437122791,0.009694239722173533,0.1393504068443812,0.02958188825525246,48.88984762498876
8,79,0.0910231484320497,0.009626794635728998,0.13733978091663498,0.02915506415861294,49.4959118750121
8,80,0.08712036984504978,0.009214028777670195,0.13430990978473323,0.028511870419309214,50.102888583991444
9,0,9.53916448372958,1.0088815764251255,4.805764584619174,1.0201878425946367,0.23795391598832794
9,1,8.349552075232815,0.883065731225456,4.5790257130375265,0.9720547648796878,0.9488219999766443
9,2,6.640372723598687,0.7022994218058987,4.041286024133294,0.8579011305430211,1.5779482079960871
9,3,4.937553852381743,0.5222058098244718,3.0767393024776593,0.6531431109352902,2.1908307079866063
9,4,3.9161000686357954,0.4141747652451765,2.3421417471666186,0.4971996638662008,2.8095829999947455
9,5,3.091764330307116,0.3269913289382421,1.4606828576115185,0.310079877402016,3.4145012499939185
9,6,2.4603555583567402,0.2602122437992374,1.266091023298465,0.2687711074573271,4.016913332976401
9,7,1.88146945412119,0.19898806358849624,0.9075189503289244,0.19265192535917391,4.619630082976073
9,8,1.400933778998423,0.14816562622794213,0.6848903062982911,0.1453913839709654,5.243441624974366
9,9,0.9901738987432629,0.10472281986572304,0.46952818130659724,0.09967340969168989,5.844951332983328
9,10,0.7458868667335312,0.0788865229474174,0.3662353806087052,0.07774598115372068,6.449222040973837
9,11,0.6245897883728393,0.06605789546740863,0.3272974539356341,0.06948007492626104,7.051495332998456
9,12,0.5200643000736012,0.05500306570828161,0.2945392407167951,0.06252602416440278,7.651245957997162
9,13,0.4326828104137282,0.04576142036410142,0.27859544243550033,0.05914140785934772,8.25168395799119
9,14,0.36899387510211284,0.03902554810111489,0.2591191016788682,0.055006888635967775,8.872323374991538
9,15,0.34930305151488705,0.03694300626260553,0.26124507475279785,0.055458199108113684,9.611841124977218
9,16,0.3710217690345699,0.03924002231747732,0.2637217206414889,0.055983951874726746,10.293298790988047
9,17,0.3011715248677717,0.031852517408753174,0.24746390542949243,0.052532674739864074,10.911342540988699
9,18,0.29361818941119633,0.031053661178137244,0.24819145161660447,0.05268712129294604,11.52132587498636
9,19,0.30308370230224746,0.03205475321124813,0.2538342702209282,0.053885002470172715,12.124008290993515
9,20,0.25830849397867256,0.027319235458587453,0.23936097817043261,0.050812551389340745,12.729601499973796
9,21,0.2607821432172719,0.02758085366924076,0.23754008319502581,0.05042600417425304,13.336955582984956
9,22,0.27580354564183973,0.029169547960450744,0.24244065021614208,0.05146631707529773,14.006373332988005
9,23,0.23034210756765086,0.02436145314364885,0.23279914722562542,0.04941957842173458,14.624719790997915
9,24,0.22495447315908626,0.023791645892229096,0.23365576977962815,0.049601425846821305,15.232464457978494
9,25,0.25691272759763084,0.027171616346952636,0.2449529522235974,0.05199963907220431,15.838133790995926
9,26,0.21183537407165162,0.0224041430987524,0.23185582246552608,0.04921932548904789,16.43827820799197
9,27,0.21703317051057605,0.022953872697626946,0.2298237598962563,0.04878795073232436,17.05188812498818
9,28,0.23067220696870325,0.024396365132500576,0.2316963623088946,0.049185474618846224,17.646469624974998
9,29,0.1891120930318458,0.020000882348181162,0.22462504470892153,0.04768434568928804,18.23955124997883
9,30,0.18419754680073389,0.019481109871512445,0.22396463660793126,0.04754415149044243,18.832085582980653
9,31,0.17441532872683502,0.01844652244950472,0.22343001273406624,0.04743065929437783,19.42411541598267
9,32,0.1615676272739195,0.01708772322580279,0.22136505995191466,0.04699230246545089,20.01760366599774
9,33,0.190884997263881,0.020188388331489997,0.22471353315372156,0.047703130387124475,20.61328679099097
9,34,0.18678594304140375,0.019754863960159724,0.2257557172255174,0.04792436958872722,21.218569915974513
9,35,0.18779662427559773,0.019861755677831234,0.2254563988502367,0.0478608290298526,21.806857499992475
9,36,0.16188116990091608,0.01712088413631443,0.2190856132510523,0.04650841196871186,22.396433332993183
9,37,0.17492113826255107,0.01850001790213419,0.2181211953728975,0.046303681300542354,22.990282207989367
9,38,0.18856330769651675,0.01994284168695028,0.22159691795942843,0.04704152225479114,23.57914916597656
9,39,0.15538675457200868,0.01643402146755941,0.21601598580097348,0.04585677859160307,24.168249790993286
9,40,0.15929583466482058,0.016847453785781293,0.21735774199306082,0.046141612218134544,24.776345165999373
9,41,0.19383696255195307,0.02050059422734829,0.22513338930845755,0.047792259210885646,25.361643040989293
9,42,0.1580134050659649,0.016711821404396678,0.21720561476928946,0.04610931801364606,25.96034462499665
9,43,0.1472596238442631,0.015574479473666115,0.21235958508610714,0.04508058252721417,26.553283832996385
9,44,0.16973260523367845,0.017951268020482476,0.21433041690817478,0.04549895896435947,27.143808124994393
9,45,0.14103828682230649,0.014916498126045029,0.210454153196443,0.04467608946175089,27.734264250000706
9,46,0.14430373563002663,0.015261858681100707,0.21275823060328114,0.04516520866795926,28.326367332978407
9,47,0.16253211225977685,0.01718972913361891,0.21478497926887924,0.045595455366945654,28.930260082997847
9,48,0.14335735183254422,0.015161767192046736,0.21086497698675502,0.04476330085734575,29.517373374983435
9,49,0.13512075135451404,0.014290647453118602,0.20849412705221426,0.04426000689917396,30.105781999998726
9,50,0.3947626733359387,0.041750908988755095,0.42149179816635296,0.08947604500205464,30.6953533749911
9,51,0.17576070709481817,0.01858881242166048,0.23847145341062878,0.05062371934614346,31.284186749981018
9,52,0.18376524440832467,0.019435388684935776,0.2179133252310611,0.046259553755839344,31.873786374984775
9,53,0.13693998760517453,0.014483053605626678,0.20571700150698166,0.04367046705203436,32.481316666002385
9,54,0.15789069205170422,0.016698843024635396,0.2073876575500573,0.044025120917052615,33.06659162498545
9,55,0.12797170518202172,0.013534549685358954,0.20334754641617972,0.04316746919713597,33.653954999987036
9,56,0.14119348549363248,0.014932912255443208,0.20604746789238076,0.043740619841009784,34.242779374995735
9,57,0.16011047771854198,0.016933612103909052,0.20896673431122714,0.04436033394838274,34.83514387498144
9,58,0.1286954705540381,0.01361109659371002,0.20362042970591254,0.04322539800528517,35.42498537499341
9,59,0.14497520395378252,0.015332874546499174,0.20237599073910223,0.042961223287103154,36.018149832991185
9,60,0.1568384190300063,0.01658755247431823,0.20435460541178554,0.04338125190038797,36.6204865409818
9,61,0.12821413240288543,0.0135601892848407,0.19948653065791286,0.04234783659397917,37.20606595798745
9,62,0.13070807690216885,0.013823953963838048,0.20098754673465385,0.04266647857613769,37.79346849999274
9,63,0.1582105987288595,0.016732677010128344,0.2050693368682021,0.04353297808874306,38.381526999990456
9,64,0.12682688302870435,0.013413470949298237,0.20035082626561845,0.042531312887056694,38.96898270800011
9,65,0.13653564424573916,0.014440289423650365,0.19846913193097962,0.042131858929236606,39.555256833002204
9,66,0.1542788500434297,0.016316847215115417,0.19885792997962776,0.04221439460810128,40.16133649999392
9,67,0.11815905066093578,0.012496743242348785,0.19415506329499185,0.04121605036286625,40.74519666598644
9,68,0.13002745701167076,0.01375197020999428,0.19614689971759705,0.041638885744624765,41.33422674998292
9,69,0.14422500959626014,0.015253532454502191,0.19711764128796033,0.041844958832673106,41.92757837497629
9,70,0.11359004360010354,0.01201351569615307,0.19201713487782984,0.04076220196036504,42.527192999987165
9,71,0.1375925207116174,0.014552066843654028,0.19781337411205274,0.0419926519117525,43.121113457978936
9,72,0.1240499669166303,0.013119778612875263,0.18847275420991327,0.040009785980916375,43.71449758298695
9,73,0.10743297522006215,0.011362331531752876,0.18755228679292008,0.039814385300798505,44.31413637497462
9,74,0.115748755832336,0.012241825523876199,0.18639756501468352,0.039569256123329746,44.90218512498541
9,75,0.10813341693626466,0.011436411682487421,0.18250600797530706,0.038743140089048375,45.490252916002646
9,76,0.1119585545023328,0.011840966067127718,0.17945413735327775,0.0380952762058006,46.07683249999536
9,77,0.11085057923715613,0.011723784333436254,0.177662099933242,0.037714854993482726,46.66339537498425
9,78,0.11068362755942132,0.011706127182004677,0.17624055673064046,0.03741308384604478,47.25115637498675
9,79,0.09980808359854139,0.010555907374552163,0.17173496846881003,0.03645661869101665,47.856973874993855
9,80,0.10951340442118516,0.011582361985745974,0.1705867492278726,0.03621286989941194,48.43992870798684
