controller,k,t,reference,y,u,tracking_error,x1_simulator_only,x2_simulator_only,mpc_cost,qp_status,solve_time_sec
linear_mpc,0,0.0,0.45,0.36,0.8,-0.09000000000000002,0.15339991481771487,0.38006772180048753,0.2927891796769656,optimal,0.0322335840028245
linear_mpc,1,1.0,0.4532271828193923,0.38006772180048753,0.6993658260984366,-0.07315946101890475,0.16376788376718568,0.41363595185108976,0.10100553486621114,optimal,0.00922991699189879
linear_mpc,2,2.0,0.4566251288143178,0.41363595185108976,0.5580576534136874,-0.04298917696322807,0.13793744827041385,0.4375478621547322,0.014054601062544804,optimal,0.0094307090039365
linear_mpc,3,3.0,0.46019306991895015,0.4375478621547322,0.5444088362235273,-0.022645207764217967,0.12176252419270675,0.4479376984996247,0.0017880171115970055,optimal,0.009011916001327336
linear_mpc,4,4.0,0.4639300291527885,0.4479376984996247,0.5759881174532576,-0.0159923306531638,0.12056661646084288,0.4528884977656251,0.001654739428007587,optimal,0.008731957990676165
linear_mpc,5,5.0,0.4678347957998081,0.4528884977656251,0.5925754108716921,-0.014946298034182959,0.12353568807138021,0.4577859422044747,0.000983824551692643,optimal,0.008701665996341035
linear_mpc,6,6.0,0.4719058995462207,0.4577859422044747,0.5939370723962805,-0.014119957341745981,0.1252852347824391,0.4632133827478134,0.0010011160676237749,optimal,0.008643667009891942
linear_mpc,7,7.0,0.4761415836242683,0.4632133827478134,0.5954073121685619,-0.01292820087645491,0.1264648369279517,0.46864775338367887,0.0010896613825607411,optimal,0.009125999989919364
linear_mpc,8,8.0,0.480539777017574,0.46864775338367887,0.6011985112622228,-0.011892023633895132,0.1282978529743222,0.4741544718138345,0.0011647029571143035,optimal,0.010867915989365429
linear_mpc,9,9.0,0.48509806579242754,0.4741544718138345,0.6069261487436007,-0.010943593978593014,0.13044810778650942,0.4799620820671501,0.001227281926988787,optimal,0.009922832978190854
linear_mpc,10,10.0,0.48981366362899115,0.4799620820671501,0.6099638276243993,-0.009851581561841072,0.1321822082208842,0.4859754269594748,0.0013177248928304267,optimal,0.010063666995847598
linear_mpc,11,11.0,0.49468338163679576,0.4859754269594748,0.6124708632953342,-0.00870795467732094,0.13359812202069918,0.49198090992103194,0.001453179222477342,optimal,0.043777207989478484
linear_mpc,12,12.0,0.4997035975500543,0.49198090992103194,0.6171765933269546,-0.00772268762902234,0.13533592498079583,0.498002924449262,0.001591503215722101,optimal,0.008843624993460253
linear_mpc,13,13.0,0.5048702244102483,0.498002924449262,0.6236183592324783,-0.0068672999609863394,0.13762064814848152,0.5042660810935128,0.0017041398091720225,optimal,0.008974708995083347
linear_mpc,14,14.0,0.5101786788561431,0.5042660810935128,0.6293062464916415,-0.005912597762630312,0.14002787373073006,0.510889185526978,0.001802487334192239,optimal,0.008758458017837256
linear_mpc,15,15.0,0.5156238491548286,0.510889185526978,0.6332076179532695,-0.004734663627850577,0.14211627233059204,0.5177575530381618,0.0019245812870128157,optimal,0.008990041998913512
linear_mpc,16,16.0,0.5212000631215598,0.5177575530381618,0.6367619578656439,-0.0034425100833979094,0.14397218823132296,0.524703486709261,0.0020813125926131535,optimal,0.008800624986179173
linear_mpc,17,17.0,0.5269010560910329,0.524703486709261,0.6416541786551859,-0.0021975693817718467,0.1460083159201366,0.5317168089505463,0.00224500992806961,optimal,0.00906824998673983
linear_mpc,18,18.0,0.532719939118252,0.5317168089505463,0.6476907823408959,-0.0010031301677057014,0.14839714856691405,0.5389234942233804,0.0023920019528871914,optimal,0.008741625002585351
linear_mpc,19,19.0,0.5386491676032537,0.5389234942233804,0.6533651188949445,0.00027432662012671916,0.15089896416943974,0.546401709583368,0.002528377211667938,optimal,0.008840708003845066
linear_mpc,20,20.0,0.5446805105506033,0.546401709583368,0.6579266015300727,0.0017211990327646864,0.15322330093956033,0.5540894799479033,0.002679938099700583,optimal,0.008633999997982755
linear_mpc,21,21.0,0.5508050206916812,0.5540894799479033,0.6621473826778568,0.0032844592562220054,0.1553869510265429,0.5618781608192831,0.0028563338905079516,optimal,0.00852579201455228
linear_mpc,22,22.0,0.5570130057152376,0.5618781608192831,0.6670881216204304,0.004865155104045504,0.1576329145365343,0.5697429727826571,0.003040158642780827,optimal,0.008498042006976902
linear_mpc,23,23.0,0.563294000869423,0.5697429727826571,0.6727371970975736,0.006448971913234014,0.16008809297124557,0.5777460353408046,0.0032131123890719866,optimal,0.008611917000962421
linear_mpc,24,24.0,0.5696367432163632,0.5777460353408046,0.6782066509375522,0.008109292124441447,0.1626236802401868,0.5859326444777802,0.0033770427564601534,optimal,0.008535999979358166
linear_mpc,25,25.0,0.576029147838208,0.5859326444777802,0.682958115810097,0.009903496639572129,0.16505085564887192,0.594266436365208,0.003548456907190375,optimal,0.008511791995260864
linear_mpc,26,26.0,0.5824582863113036,0.594266436365208,0.6873750504105682,0.011808150053904454,0.16735281990740133,0.6026738546984909,0.0037350381764827043,optimal,0.00887437499477528
linear_mpc,27,27.0,0.5889103677825196,0.6026738546984909,0.6921080316149352,0.01376348691597129,0.16966533633789266,0.6111230662811237,0.003926239091412971,optimal,0.00877008298994042
linear_mpc,28,28.0,0.5953707229986503,0.6111230662811237,0.6972187423113353,0.015752343282473324,0.17207589093210626,0.61963594505901,0.004108498810586514,optimal,0.008557332999771461
linear_mpc,29,29.0,0.6018237916559671,0.61963594505901,0.7021974167123185,0.017812153403042874,0.17451790148834503,0.6282318599389386,0.004280747418837274,optimal,0.008799250004813075
linear_mpc,30,30.0,0.6082531134522177,0.6282318599389386,0.7066647454982532,0.019978746486720933,0.17686933345623418,0.6368838248919,0.004452524466688985,optimal,0.008869125013006851
linear_mpc,31,31.0,0.614641323237399,0.6368838248919,0.7107799421846467,0.022242501654501035,0.17909822077271056,0.6455366674010626,0.004629392089956109,optimal,0.008540834009181708
linear_mpc,32,32.0,0.6209701506722041,0.6455366674010626,0.7149238999051777,0.024566516728858567,0.18127213344240123,0.6541531172796333,0.004805384199879758,optimal,0.008687749999808148
linear_mpc,33,33.0,0.6272204248138828,0.6541531172796333,0.7191818243522408,0.026932692465750474,0.18344727149300835,0.6627277806857993,0.00497083767324368,optimal,0.008492249995470047
linear_mpc,34,34.0,0.6333720840580592,0.6627277806857993,0.723280237499839,0.02935569662774007,0.1855925471913829,0.671259217739673,0.0051227884129184525,optimal,0.008480167016386986
linear_mpc,35,35.0,0.6394041918714913,0.671259217739673,0.7269560065410876,0.031855025868181674,0.18763034107051102,0.6797213239501109,0.00526557678704238,optimal,0.008482417004415765
linear_mpc,36,36.0,0.6452949587545104,0.6797213239501109,0.7302328741136782,0.034426365195600495,0.1895217690225478,0.6880670851984935,0.0054028980685899685,optimal,0.008468249987345189
linear_mpc,37,37.0,0.6510217708725847,0.6880670851984935,0.7333087676435186,0.03704531432590874,0.1912891537944322,0.6962533921931594,0.005532095359994025,optimal,0.008574208011850715
linear_mpc,38,38.0,0.656561225793748,0.6962533921931594,0.7362741787260599,0.03969216639941142,0.19296491787861464,0.7042544995131484,0.005646808307451777,optimal,0.00877250000485219
linear_mpc,39,39.0,0.6618891757621457,0.7042544995131484,0.7390153045931052,0.04236532375100277,0.19454072374285714,0.7120519295010649,0.005742961676390352,optimal,0.008743666985537857
linear_mpc,40,40.0,0.6669807789272876,0.7120519295010649,0.7413568687734307,0.04507115057377731,0.1959711056625339,0.7196169963579531,0.005821058272419575,optimal,0.008686540997587144
linear_mpc,41,41.0,0.6718105589333729,0.7196169963579531,0.7432306654204688,0.04780643742458013,0.19721388885031,0.7269058162848369,0.005883441787819862,optimal,0.008648291986901313
linear_mpc,42,42.0,0.6763524732528619,0.7269058162848369,0.744698867162702,0.05055334303197501,0.19825854294990783,0.7338691697894753,0.0059303188976124665,optimal,0.008627749979496002
linear_mpc,43,43.0,0.6805799906229321,0.7338691697894753,0.7458542772148657,0.05328917916654319,0.19911964357296183,0.7404648680057984,0.00595849033612239,optimal,0.008532292005838826
linear_mpc,44,44.0,0.6844661779121722,0.7404648680057984,0.7467114497937957,0.055998690093626124,0.19980827806927293,0.7466606797077643,0.005963468798439083,optimal,0.008504291996359825
linear_mpc,45,45.0,0.6879837967074585,0.7466606797077643,0.747171773061138,0.058676883000305824,0.20030768339309424,0.7524258799115529,0.00594297407318395,optimal,0.008463417005259544
linear_mpc,46,46.0,0.6911054098670717,0.7524258799115529,0.7470907577157655,0.06132047004448116,0.20057471310105077,0.757719580606058,0.005898607758376078,optimal,0.008484417019644752
linear_mpc,47,47.0,0.6938034982353979,0.757719580606058,0.7464088527442834,0.06391608237066015,0.20057073909549963,0.7624878580020298,0.005833556480841187,optimal,0.009098834008909762
linear_mpc,48,48.0,0.6960505876567005,0.7624878580020298,0.7452178323576915,0.06643727034532931,0.20029467307716387,0.766674641692962,0.005748250972680691,optimal,0.008806958008790389
linear_mpc,49,49.0,0.6978193863601865,0.766674641692962,0.7436562401940428,0.06885525533277548,0.19977787369722508,0.7702363849571467,0.00563897390086351,optimal,0.008546875003958121
linear_mpc,50,50.0,0.6990829327156729,0.7702363849571467,0.7416417600451228,0.07115345224147385,0.19901968617535246,0.7731391284354667,0.005503853645717537,optimal,0.008692750008776784
linear_mpc,51,51.0,0.6998147532784129,0.7731391284354667,0.7390195653488048,0.07332437515705381,0.19798470979451963,0.7753431308804458,0.00534451568806285,optimal,0.008636499987915158
linear_mpc,52,52.0,0.6999890309529427,0.7753431308804458,0.7357946502017136,0.07535409992750308,0.1966547194399451,0.7768007612068516,0.005162571130240574,optimal,0.008625584014225751
linear_mpc,53,53.0,0.6995807830091036,0.7768007612068516,0.7320142223288697,0.07721997819774795,0.1950313254757653,0.7774650065748229,0.004958956134499764,optimal,0.008606249990407377
linear_mpc,54,54.0,0.6985660485787106,0.7774650065748229,0.7276689468208262,0.07889895799611224,0.19311478914315341,0.7772926203344762,0.004734863697183225,optimal,0.008844583004247397
linear_mpc,55,55.0,0.6969220851487844,0.7772926203344762,0.7227318682649507,0.08037053518569182,0.1909009030269181,0.7762421967382312,0.004491987750979024,optimal,0.008657666010549292
linear_mpc,56,56.0,0.6946275734470602,0.7762421967382312,0.7171972791580475,0.08161462329117108,0.18838816584550788,0.7742735513653717,0.004232297707860193,optimal,0.00862991699250415
linear_mpc,57,57.0,0.6916628299879447,0.7742735513653717,0.7110720300543575,0.08261072137742698,0.18557986603137902,0.7713490521980145,0.003957935225080189,optimal,0.008679291000589728
linear_mpc,58,58.0,0.6880100264126601,0.7713490521980145,0.7043556536862127,0.08333902578535446,0.18248070230863644,0.7674344336860253,0.0036713583811335392,optimal,0.008688041009008884
linear_mpc,59,59.0,0.6836534146165519,0.7674344336860253,0.6970408869101277,0.08378101906947333,0.17909500569670114,0.7624984629544216,0.0033754463830806105,optimal,0.009370583982672542
linear_mpc,60,60.0,0.678579556510152,0.7624984629544216,0.689127763420153,0.08391890644426958,0.17542896615600803,0.7565128538729465,0.0030734070030867923,optimal,0.010480708995601162
linear_mpc,61,61.0,0.6727775571094347,0.7565128538729465,0.6806296040349417,0.08373529676351188,0.17149321499784073,0.7494533093173879,0.002768618128310884,optimal,0.009548625006573275
linear_mpc,62,62.0,0.6662392994957871,0.7494533093173879,0.6715652084340814,0.08321400982160077,0.16730242189066571,0.7413009504292037,0.002464565907755026,optimal,0.012543499993626028
linear_mpc,63,63.0,0.6589596800286994,0.7413009504292037,0.6619498872023009,0.08234127040050432,0.16287297224852898,0.7320430225671728,0.0021648662778799123,optimal,0.030158667010255158
linear_mpc,64,64.0,0.6509368420354213,0.7320430225671728,0.6517966554182728,0.08110618053175145,0.1582219145319973,0.7216728599658332,0.0018732591627704815,optimal,0.008829458005493507
linear_mpc,65,65.0,0.6421724060433165,0.7216728599658332,0.6411244054042238,0.0795004539225167,0.15336817782227688,0.7101900185779237,0.0015935339628901188,optimal,0.008708665991434827
linear_mpc,66,66.0,0.632671694464097,0.7101900185779237,0.6299621511851233,0.07751832411382675,0.14833409136551862,0.6976011434070392,0.001329433390009425,optimal,0.008663292013807222
linear_mpc,67,67.0,0.6224439484863761,0.6976011434070392,0.6183451800409532,0.07515719492066308,0.14314520032181424,0.6839211539244779,0.0010845761965702445,optimal,0.008625749993370846
linear_mpc,68,68.0,0.6115025347861063,0.6839211539244779,0.6063093135073786,0.07241861913837166,0.137828740369566,0.6691740007534301,0.0008623874654109169,optimal,0.008605000009993091
linear_mpc,69,69.0,0.5998651395256898,0.6691740007534301,0.5938904893489316,0.06930886122774038,0.13241261039483032,0.6533928554742499,0.0006660181974651382,optimal,0.008627125003840774
linear_mpc,70,70.0,0.5875539469842442,0.6533928554742499,0.5811291885845944,0.06583890849000562,0.12692568396806148,0.6366202533467885,0.0004982660645981972,optimal,0.008594665996497497
linear_mpc,71,71.0,0.5745958000462404,0.6366202533467885,0.5680735853647634,0.062024453300548066,0.12139849631147304,0.618908614508815,0.0003615120527624656,optimal,0.00860408300650306
linear_mpc,72,72.0,0.5610223396761921,0.618908614508815,0.554777947411992,0.057886274832622875,0.11586304034145173,0.6003209564657493,0.0002576591677817585,optimal,0.008605374983744696
linear_mpc,73,73.0,0.546870120426106,0.6003209564657493,0.5412990376964241,0.05345083603964329,0.11035167445973988,0.5809312992471867,0.00018805294767907423,optimal,0.008549208985641599
linear_mpc,74,74.0,0.5321806989629347,0.5809312992471867,0.5276950265125627,0.04875060028425193,0.10489616454429601,0.5608245779670734,0.000153395791145251,optimal,0.008557291992474347
linear_mpc,75,75.0,0.5170006925683446,0.5608245779670734,0.5140275406943003,0.043823885398728835,0.09952749224363124,0.5400963335558087,0.0001536899064765329,optimal,0.008561708003981039
linear_mpc,76,76.0,0.5013818045558078,0.5400963335558087,0.5003636402347241,0.03871452900000083,0.09427601359161247,0.5188524766187431,0.00018822011037039144,optimal,0.008566834003431723
linear_mpc,77,77.0,0.4853808135734646,0.5188524766187431,0.4867752076890125,0.033471663045278544,0.08917122786656465,0.49720905360250733,0.0002555500398841157,optimal,0.008605707989772782
linear_mpc,78,78.0,0.46905952381848276,0.49720905360250733,0.47333671618200274,0.028149529784024574,0.08424105023454556,0.47529169523149956,0.0003535067168367617,optimal,0.00851416599471122
linear_mpc,79,79.0,0.45248467328281966,0.47529169523149956,0.46012395424580166,0.022807021948679895,0.07951111749681919,0.4532345759015687,0.00047916565613990384,optimal,0.008493792003719136
linear_mpc,80,80.0,0.435727797284308,0.4532345759015687,0.44721456447644,0.017506778617260688,0.07500454536506708,0.4311790148058024,0.0006288699984362001,optimal,0.008666792011354119
linear_mpc,81,81.0,0.41886504471365016,0.4311790148058024,0.434688937029084,0.012313970092152238,0.07074199961309921,0.4092719228628377,0.0007982959457412067,optimal,0.008519167022313923
linear_mpc,82,82.0,0.40197694464978617,0.4092719228628377,0.4226298881351959,0.007294978213051528,0.06674169512269147,0.38766410948238655,0.0009825444081374157,optimal,0.008510499988915399
linear_mpc,83,83.0,0.3851481212655278,0.38766410948238655,0.4111212430701315,0.0025159882168587777,0.06301920508053846,0.36650829861164563,0.0011762362432995268,optimal,0.008485166006721556
linear_mpc,84,84.0,0.3684669552643036,0.36650829861164563,0.4002465671366044,-0.0019586566526579863,0.05958730267065393,0.345956767958235,0.001373612842518931,optimal,0.008470166998449713
linear_mpc,85,85.0,0.35202519045891545,0.345956767958235,0.390088746234282,-0.006068422500680459,0.0564560618624837,0.3261587148280944,0.0015686602211658002,optimal,0.008735999988857657
linear_mpc,86,86.0,0.33591748452547465,0.3261587148280944,0.3807299788052886,-0.009758769697380265,0.053633200637026174,0.3072575462517285,0.0017552655752308417,optimal,0.008559916983358562
linear_mpc,87,87.0,0.3202409034407256,0.3072575462517285,0.3722514046068032,-0.012983357188997069,0.051124494466211784,0.28938823402551617,0.001927396450736674,optimal,0.008518000016920269
linear_mpc,88,88.0,0.3050943596387241,0.28938823402551617,0.3647321502955712,-0.015706125613207944,0.04893415014688016,0.272674792976061,0.002079286011766701,optimal,0.008492083026794717
linear_mpc,89,89.0,0.290577994502551,0.272674792976061,0.35824815599690674,-0.017903201526489998,0.04706516697942549,0.2572279484339622,0.0022056153952178764,optimal,0.008748916006879881
linear_mpc,90,90.0,0.27679250643689424,0.2572279484339622,0.35287120939381694,-0.019564558002932053,0.045519762300101345,0.24314314016515204,0.0023016935171952984,optimal,0.008536125009413809
linear_mpc,91,91.0,0.2638384264455692,0.24314314016515204,0.3486683057217034,-0.02069528628041717,0.04429988728290163,0.2304990726482413,0.00236363677695481,optimal,0.008652417018311098
linear_mpc,92,92.0,0.25181534386108473,0.2304990726482413,0.34570113549305503,-0.021316271212843435,0.04340778153964921,0.2193570030826298,0.002388545594145197,optimal,0.008769666019361466
linear_mpc,93,93.0,0.24082108563697424,0.2193570030826298,0.3440253904631104,-0.021464082554344455,0.04284647524754514,0.20976086522116036,0.0023746668866400475,optimal,0.008679541002493352
linear_mpc,94,94.0,0.23095085341252597,0.20976086522116036,0.34368975265859436,-0.02118998819136561,0.04262017180653081,0.2017382140399911,0.0023215286839702995,optimal,0.00864708298468031
linear_mpc,95,95.0,0.22229632338743766,0.2017382140399911,0.3447347784271242,-0.020558109347446563,0.04273451362022555,0.19530190099050615,0.0022300384369280603,optimal,0.008538875001249835
linear_mpc,96,96.0,0.21494471489332323,0.19530190099050615,0.34719203854226965,-0.01964281390281708,0.04319677883674715,0.19045235862323123,0.002102544103212406,optimal,0.00853400002233684
linear_mpc,97,97.0,0.20897783441135756,0.19045235862323123,0.35108357677478935,-0.018525475788126328,0.04401601953126191,0.18718033448408264,0.0019428572594420409,optimal,0.008499167015543208
linear_mpc,98,98.0,0.2044711026509224,0.18718033448408264,0.356421352024355,-0.01729076816683975,0.04520307665735718,0.18546983308315212,0.0017562314126125902,optimal,0.008456832991214469
linear_mpc,99,99.0,0.2014925731620662,0.18546983308315212,0.363206418011889,-0.016022740078914077,0.04677040394264003,0.18530095546682726,0.0015492872055600283,optimal,0.008478290983475745
linear_mpc,100,100.0,0.2001019517929527,0.18530095546682726,0.3714281247641323,-0.014800996326125443,0.04873172554185247,0.1866523557918015,0.0013298828333510374,optimal,0.008470374974422157
linear_mpc,101,101.0,0.20034962710922422,0.1866523557918015,0.3810636081109292,-0.01369727131742271,0.051101580478061764,0.1895031381655279,0.0011069315444503516,optimal,0.008458791999146342
linear_mpc,102,102.0,0.20227572265134292,0.1895031381655279,0.392077394482072,-0.012772584485815003,0.05389474373999776,0.19383410037487822,0.0008901672505734042,optimal,0.008468499989248812
linear_mpc,103,103.0,0.20590918260359284,0.19383410037487822,0.40442098440112734,-0.012075082228714618,0.057125503495222156,0.199628286856947,0.0006898613126341348,optimal,0.008483999990858138
linear_mpc,104,104.0,0.21126690306885665,0.199628286856947,0.41803253299533494,-0.011638616211909647,0.06080681758401647,0.20687087926960354,0.000516496813105509,optimal,0.008487749990308657
linear_mpc,105,105.0,0.21835292167023215,0.20687087926960354,0.43283672024445924,-0.011482042400628611,0.06494938539716859,0.21554851530166183,0.00038040823155429515,optimal,0.008434832998318598
linear_mpc,106,106.0,0.2271576786172856,0.21554851530166183,0.44874476045790845,-0.011609163315623783,0.0695606530952554,0.2256481546975213,0.00029139623594673294,optimal,0.008411415998125449
linear_mpc,107,107.0,0.23765736266428128,0.2256481546975213,0.4656544977340387,-0.012009207966759972,0.07464376500570943,0.2371556105290342,0.00025833005975583735,optimal,0.008461791003355756
linear_mpc,108,108.0,0.24981335553310893,0.2371556105290342,0.48345062460874494,-0.012657745004074739,0.08019648988362867,0.25005385522974394,0.00028875200770349017,optimal,0.008583625021856278
linear_mpc,109,109.0,0.26357178835814904,0.25005385522974394,0.5020050905486935,-0.013517933128405102,0.08621016394467658,0.26432120278373306,0.00038849928943066097,optimal,0.008506625017616898
linear_mpc,110,110.0,0.27886322351782794,0.26432120278373306,0.5211777117578373,-0.014542020734094885,0.0926686893981882,0.27992945565165195,0.0005613587410543016,optimal,0.008792375010671094
linear_mpc,111,111.0,0.2956024748328745,0.27992945565165195,0.5408169445601965,-0.015673019181222547,0.09954761761496617,0.29684208560406106,0.0008087708255321228,optimal,0.009687250014394522
linear_mpc,112,112.0,0.31368857852025334,0.29684208560406106,0.5607607999173336,-0.01684649291619228,0.10681334491251952,0.31501249813575866,0.0011295996831826782,optimal,0.009911707980791107
linear_mpc,113,113.0,0.33300492648201535,0.31501249813575866,0.5808379205195733,-0.017992428346256695,0.11442245662273959,0.3343824174614021,0.0015199847261419576,optimal,0.009267249988624826
linear_mpc,114,114.0,0.35341957246940553,0.3343824174614021,0.6008688517802115,-0.019037155008003404,0.12232126031901261,0.3548804232394612,0.001973286568320522,optimal,0.012970040988875553
linear_mpc,115,115.0,0.37478572038645863,0.3548804232394612,0.6206675069240324,-0.019905297146997458,0.1304455449108894,0.37642066626470877,0.0024801371362021558,optimal,0.029832375003024936
linear_mpc,116,116.0,0.396942402478711,0.37642066626470877,0.6400427983121394,-0.020521736214002217,0.13872059359187738,0.39890178533365983,0.003028600977024066,optimal,0.008840708003845066
linear_mpc,117,117.0,0.41971535338948235,0.39890178533365983,0.6588004124180782,-0.020813568055822518,0.14706147362224617,0.42220604265730444,0.003604451229975861,optimal,0.00853704201290384
linear_mpc,118,118.0,0.4429180840599556,0.42220604265730444,0.6767447272810047,-0.02071204140265115,0.15537362560939086,0.4461986931248844,0.004191558807200349,optimal,0.008503624994773418
linear_mpc,119,119.0,0.4663531572054787,0.4461986931248844,0.6936808757688023,-0.020154464080594292,0.16355377325758047,0.47072760347207787,0.00477238760577498,optimal,0.008487540995702147
linear_mpc,120,120.0,0.48981366362899104,0.47072760347207787,0.7094169405335984,-0.019086060156913165,0.17149116718185056,0.4956231387505351,0.005328583088128515,optimal,0.008772250002948567
linear_mpc,121,121.0,0.5130848959476958,0.4956231387505351,0.723766249943806,-0.0174617571971607,0.1790691655952344,0.5206983337912517,0.005841636643558857,optimal,0.008724708022782579
linear_mpc,122,122.0,0.5359462134305466,0.5206983337912517,0.7365497449625247,-0.015247879639294859,0.18616714515446695,0.5457493670585732,0.0062936033776546125,optimal,0.008646708010928705
linear_mpc,123,123.0,0.5581730885963859,0.5457493670585732,0.7475983963005519,-0.012423721537812682,0.19266272781769467,0.5705563546966108,0.006667846260561058,optimal,0.008665375004056841
linear_mpc,124,124.0,0.5795393230356548,0.5705563546966108,0.7567556520592589,-0.008982968339043995,0.19843430107599122,0.5948844839382113,0.006949775527279311,optimal,0.008676917001139373
linear_mpc,125,125.0,0.599819416627837,0.5948844839382113,0.7638798860953571,-0.004934932689625748,0.20336379707074573,0.6184855064690076,0.007127549608283326,optimal,0.008664249995490536
linear_mpc,126,126.0,0.6187910709730812,0.6184855064690076,0.7688468083617277,-0.0003055645040735966,0.2073396821981975,0.6410996130147548,0.007192702888468431,optimal,0.008636541024316102
linear_mpc,127,127.0,0.6362378044858006,0.6410996130147548,0.771551798497758,0.004861808528954237,0.21026009541329593,0.6624577104581877,0.007140666099000589,optimal,0.008653500000946224
linear_mpc,128,128.0,0.6519516532617533,0.6624577104581877,0.7719121281039028,0.010506057196434382,0.21203606111676485,0.6822841226896282,0.006971147177533728,optimal,0.008647290989756584
linear_mpc,129,129.0,0.6657359285841163,0.6822841226896282,0.7698690370628964,0.016548194105511893,0.21259468981986615,0.7002997361472177,0.006688344284506003,optimal,0.008641166001325473
linear_mpc,130,130.0,0.6774079988386298,0.7002997361472177,0.765389624540384,0.022891737308587956,0.21188226597552837,0.7162256099805206,0.006300968502962047,optimal,0.008651291980640963
linear_mpc,131,131.0,0.6868020607269825,0.7162256099805206,0.7584685120552495,0.029423549253538184,0.2098671086432423,0.7297870682962014,0.005822061388318615,optimal,0.008618166990345344
linear_mpc,132,132.0,0.6937718620681274,0.7297870682962014,0.7491292376587442,0.03601520622807408,0.20654207885794354,0.7407182876395363,0.0052686016072758125,optimal,0.008597958978498355
linear_mpc,133,133.0,0.6981933362281063,0.7407182876395363,0.7374253439655352,0.04252495141142998,0.20192659860064974,0.7487673863801949,0.004660905081085639,optimal,0.008596958010457456
linear_mpc,134,134.0,0.6999671063902536,0.7487673863801949,0.7234411246838924,0.0488002799899413,0.19606804036359182,0.7537020132234813,0.004021833987062694,optimal,0.008621916989795864
linear_mpc,135,135.0,0.6990208165391405,0.7537020132234813,0.7072919946564017,0.054681196684340794,0.1890423444513289,0.7553154183553975,0.0033758411766880844,optimal,0.00863887497689575
linear_mpc,136,136.0,0.6953112452517848,0.7553154183553975,0.6891244503218513,0.060004173103612723,0.18095372566704399,0.7534329711696205,0.0027478873876697245,optimal,0.008615834027295932
linear_mpc,137,137.0,0.6888261582339761,0.7534329711696205,0.6691155924090801,0.06460681293564441,0.17193334483700462,0.7479190614282679,0.0021622783812426547,optimal,0.00860933298827149
linear_mpc,138,138.0,0.6795858560692303,0.7479190614282679,0.6474721890674107,0.06833320535903764,0.16213684652637889,0.7386842842027636,0.0016414771922291691,optimal,0.008603290974861011
linear_mpc,139,139.0,0.6676443749179646,0.7386842842027636,0.6244292635461646,0.07103990928479897,0.1517407049923678,0.7256927608899179,0.0012049524365689423,optimal,0.008605541021097451
linear_mpc,140,140.0,0.6530902999623749,0.7256927608899179,0.6002481959536521,0.07260246092754297,0.14093737886661964,0.7089693868806398,0.0008681265049062576,optimal,0.008648291986901313
linear_mpc,141,141.0,0.6360471542760961,0.7089693868806398,0.575214335082971,0.07292223260454367,0.12992935413064507,0.6886067197341796,0.0006414870012294039,optimal,0.008606041985331103
linear_mpc,142,142.0,0.616673329533747,0.6886067197341796,0.5496341246049127,0.07193339020043266,0.1189222559077095,0.6647711305807882,0.000529920655408789,optimal,0.00859287500497885
linear_mpc,143,143.0,0.5951615295776748,0.6647711305807882,0.5238317571144862,0.06960960100311342,0.10811732984761308,0.63770773995791,0.0005323210338519306,optimal,0.008578499982832
linear_mpc,144,144.0,0.5717377033268,0.63770773995791,0.498145378122327,0.06597003663111001,0.09770372469417078,0.6077435566168033,0.0006415097600814824,optimal,0.00852558299084194
linear_mpc,145,145.0,0.5466594498284907,0.6077435566168033,0.4729228700580773,0.061084106788312664,0.08785113215155933,0.5752881504329741,0.0008444959130568635,optimal,0.008597333013312891
linear_mpc,146,146.0,0.5202138853844137,0.5752881504329741,0.4485172548904398,0.05507426504856039,0.07870343220342796,0.5408311432492541,0.001123080343100649,optimal,0.00855233400943689
linear_mpc,147,147.0,0.49271497057211977,0.5408311432492541,0.42528176357347924,0.048116172677134306,0.07037401724887904,0.5049358263075391,0.001454791660762634,optimal,0.008526707999408245
linear_mpc,148,148.0,0.46450030356299116,0.5049358263075391,0.40356463025035705,0.040435522744547925,0.06294339101997078,0.46822834352780623,0.0018141196564563913,optimal,0.008502542012138292
linear_mpc,149,149.0,0.43592739531098595,0.46822834352780623,0.38370367803903604,0.03230094821682028,0.056459434959803864,0.43138214112280115,0.0021739911029024536,optimal,0.008776041999226436
linear_mpc,150,150.0,0.4073694518418439,0.43138214112280115,0.36602077154334445,0.024012689280957233,0.05094041287720878,0.3950977795999267,0.0025074136241964454,optimal,0.00869554199744016
linear_mpc,151,151.0,0.37921069887502806,0.3950977795999267,0.3508162193860353,0.01588708072489864,0.04638039490743854,0.3600787091623863,0.0027891970080917844,optimal,0.00865404200158082
linear_mpc,152,152.0,0.35184129420695887,0.3600787091623863,0.338363217517363,0.008237414955427458,0.04275641330465257,0.3270041754043222,0.002997649365910831,optimal,0.008487792016239837
linear_mpc,153,153.0,0.3256518835014658,0.3270041754043222,0.32890243008698994,0.0013522919028564062,0.040036414407742145,0.2965009950752457,0.003116139121420662,optimal,0.008464417012874037
linear_mpc,154,154.0,0.3010278651822199,0.2965009950752457,0.3226368091503832,-0.004526870106974223,0.038187008957208196,0.26911647747936207,0.0031344139129181083,optimal,0.008538333990145475
linear_mpc,155,155.0,0.2783434397975466,0.26911647747936207,0.3197267575030201,-0.00922696231818454,0.037180147289126025,0.24529521618774444,0.003049574772476673,optimal,0.008553374995244667
linear_mpc,156,156.0,0.2579555283135271,0.24529521618774444,0.3202857403340821,-0.012660312125782641,0.036998095250402395,0.22536272445188846,0.0028666186298422383,optimal,0.008598249987699091
linear_mpc,157,157.0,0.2401976520607082,0.22536272445188846,0.32437645086187716,-0.014834927608819742,0.03763637411268698,0.2095186964808065,0.0025984840080616146,optimal,0.008524542005034164
linear_mpc,158,158.0,0.22537387428198413,0.2095186964808065,0.33200763244210785,-0.015855177801177622,0.03910458378443026,0.19784171784744373,0.0022655629369122197,optimal,0.008565041003748775
linear_mpc,159,159.0,0.21375290917235248,0.19784171784744373,0.34313165471156126,-0.015911191324908758,0.04142522153831548,0.19030533692366544,0.0018946752809247441,optimal,0.008650167001178488
resdynet_ltv_mpc,0,0.0,0.45,0.36,0.8,-0.09000000000000002,0.15339991481771487,0.38006772180048753,0.5596814099189866,optimal,0.009127458004513755
resdynet_ltv_mpc,1,1.0,0.4532271828193923,0.38006772180048753,0.8,-0.07315946101890475,0.18638882622008768,0.4193695700804377,0.2637620834774506,optimal,0.009013457980472594
resdynet_ltv_mpc,2,2.0,0.4566251288143178,0.4193695700804377,0.6070471499221796,-0.037255558733880145,0.1609452382509193,0.4531094865182288,0.06380758296899665,optimal,0.009067999984836206
resdynet_ltv_mpc,3,3.0,0.46019306991895015,0.4531094865182288,0.5195709838507668,-0.007083583400721349,0.1280454653989361,0.468149586103888,0.005931971352414276,optimal,0.010464084014529362
resdynet_ltv_mpc,4,4.0,0.4639300291527885,0.468149586103888,0.5483452400792594,0.00421955695109949,0.11772295528349058,0.4708914912071013,0.0024542306852633864,optimal,0.010690249997423962
resdynet_ltv_mpc,5,5.0,0.4678347957998081,0.4708914912071013,0.5895601587023178,0.0030566954072931973,0.12150389229843556,0.4720573719910192,0.002118555068956349,optimal,0.009939959010807797
resdynet_ltv_mpc,6,6.0,0.4719058995462207,0.4720573719910192,0.6060704850706675,0.00015147244479851718,0.1268949307347835,0.47556416739071633,0.0011489527631702832,optimal,0.013081375014735386
resdynet_ltv_mpc,7,7.0,0.4761415836242683,0.47556416739071633,0.6018347252171153,-0.0005774162335519528,0.12864884479604194,0.48033696410517246,0.0010839458478955804,optimal,0.03126020901254378
resdynet_ltv_mpc,8,8.0,0.480539777017574,0.48033696410517246,0.6013566354258606,-0.00020281291240153987,0.12941871856330067,0.4850886169190684,0.0012378928770546214,optimal,0.00920654201763682
resdynet_ltv_mpc,9,9.0,0.48509806579242754,0.4850886169190684,0.6029236864310508,-9.44887335913025e-06,0.13014191770644945,0.4895895649754619,0.0012544740380587872,optimal,0.0090812919952441
resdynet_ltv_mpc,10,10.0,0.48981366362899115,0.4895895649754619,0.609997601261043,-0.00022409865352923664,0.13203594093381119,0.4942074327946655,0.0013717872217971158,optimal,0.00901683300617151
resdynet_ltv_mpc,11,11.0,0.49468338163679576,0.4942074327946655,0.6180057497662206,-0.00047594884213025823,0.13472707161639944,0.49941491922048914,0.0014397310988153282,optimal,0.008998500008601695
resdynet_ltv_mpc,12,12.0,0.4997035975500543,0.49941491922048914,0.619052102490903,-0.0002886783295651396,0.13631610118099616,0.5049850551898968,0.0014736345782152991,optimal,0.009016333002364263
resdynet_ltv_mpc,13,13.0,0.5048702244102483,0.5049850551898968,0.6201506762801239,0.00011483077964846711,0.13736280285740785,0.5104714759566679,0.001652149072827595,optimal,0.0089792920043692
resdynet_ltv_mpc,14,14.0,0.5101786788561431,0.5104714759566679,0.6231962461131065,0.0002927971005247665,0.1385608718354524,0.515811272533754,0.0016888239300994487,optimal,0.00900862499838695
resdynet_ltv_mpc,15,15.0,0.5156238491548286,0.515811272533754,0.6286324486511949,0.00018742337892541094,0.14036164368380616,0.521228321040777,0.0017587212766766872,optimal,0.009214458026690409
resdynet_ltv_mpc,16,16.0,0.5212000631215598,0.521228321040777,0.6360643534470345,2.8257919217233862e-05,0.14291433912351112,0.5270528941175249,0.0019125255510388452,optimal,0.009064915997441858
resdynet_ltv_mpc,17,17.0,0.5269010560910329,0.5270528941175249,0.6382961594800947,0.00015183802649199052,0.14472178015435483,0.5331811317146521,0.001978346160502173,optimal,0.009063124976819381
resdynet_ltv_mpc,18,18.0,0.532719939118252,0.5331811317146521,0.6382738985029563,0.00046119259640009513,0.14565340636242372,0.5391699502450127,0.0021525780078309933,optimal,0.009021582984132692
resdynet_ltv_mpc,19,19.0,0.5386491676032537,0.5391699502450127,0.6411049289129145,0.0005207826417590322,0.14676069065904576,0.5449010458021853,0.0022056136111963877,optimal,0.009041375014930964
resdynet_ltv_mpc,20,20.0,0.5446805105506033,0.5449010458021853,0.6488082788562684,0.00022053525158205467,0.14903625698390802,0.5507673919159092,0.0023025045336802687,optimal,0.009032458998262882
resdynet_ltv_mpc,21,21.0,0.5508050206916812,0.5507673919159092,0.655029161930954,-3.762877577206947e-05,0.15160221895579956,0.5570752433504472,0.002445876985565878,optimal,0.009009957982925698
resdynet_ltv_mpc,22,22.0,0.5570130057152376,0.5570752433504472,0.657770184191024,6.223763520962766e-05,0.1535593340207587,0.5636604371886444,0.0025483298485667054,optimal,0.009058875002665445
resdynet_ltv_mpc,23,23.0,0.563294000869423,0.5636604371886444,0.6574591631298338,0.0003664363192213971,0.15452404446123816,0.5700926068001342,0.0027151063570052835,optimal,0.008902708999812603
resdynet_ltv_mpc,24,24.0,0.5696367432163632,0.5700926068001342,0.6621034207212464,0.0004558635837710323,0.1560663485842094,0.5763410637773504,0.0028149304956880034,optimal,0.008888374984962866
resdynet_ltv_mpc,25,25.0,0.576029147838208,0.5763410637773504,0.6670315189382329,0.0003119159391423709,0.157981727465181,0.5826488089805947,0.0028622053394137844,optimal,0.008897874999092892
resdynet_ltv_mpc,26,26.0,0.5824582863113036,0.5826488089805947,0.6717112699546827,0.0001905226692910933,0.16004570146609082,0.5891240604862843,0.0030173455933261064,optimal,0.008862332993885502
resdynet_ltv_mpc,27,27.0,0.5889103677825196,0.5891240604862843,0.6746056759175565,0.00021369270376470073,0.1617965042935724,0.5956929565121848,0.003129304977731004,optimal,0.008896207989891991
resdynet_ltv_mpc,28,28.0,0.5953707229986503,0.5956929565121848,0.6756340527689766,0.0003222335135344423,0.16296658008571865,0.602127899844821,0.0032920370083288487,optimal,0.008989249996375293
resdynet_ltv_mpc,29,29.0,0.6018237916559671,0.602127899844821,0.6797075793997522,0.0003041081888538466,0.16450800677182204,0.6084251419121129,0.00340862693458843,optimal,0.008878166001522914
resdynet_ltv_mpc,30,30.0,0.6082531134522177,0.6084251419121129,0.6841602910551896,0.00017202845989527926,0.16633798540338504,0.6147524132329398,0.003446060671156249,optimal,0.009001458005513996
resdynet_ltv_mpc,31,31.0,0.614641323237399,0.6147524132329398,0.6874901142198784,0.00011108999554088062,0.1680765275574142,0.621140567548713,0.0035597839971975988,optimal,0.008908165997127071
resdynet_ltv_mpc,32,32.0,0.6209701506722041,0.621140567548713,0.689262223186152,0.00017041687650898307,0.16941941969115937,0.6274622683597975,0.003655213127636052,optimal,0.008908749994589016
resdynet_ltv_mpc,33,33.0,0.6272204248138828,0.6274622683597975,0.6908710769699415,0.00024184354591461066,0.17051280400811786,0.6335832829798284,0.00380988860795401,optimal,0.008861832990078256
resdynet_ltv_mpc,34,34.0,0.6333720840580592,0.6335832829798284,0.6942059629121434,0.00021119892176912902,0.1718604521291246,0.6395438262525981,0.0039120773480844345,optimal,0.008878541993908584
resdynet_ltv_mpc,35,35.0,0.6394041918714913,0.6395438262525981,0.6962970387688618,0.00013963438110675686,0.1730690266544835,0.6453794240218057,0.0039184310358317525,optimal,0.008862167014740407
resdynet_ltv_mpc,36,36.0,0.6452949587545104,0.6453794240218057,0.6984602198540436,8.446526729533055e-05,0.17421962669840413,0.6510634904990679,0.003983107698174794,optimal,0.008843957999488339
resdynet_ltv_mpc,37,37.0,0.6510217708725847,0.6510634904990679,0.6997848084389733,4.171962648313876e-05,0.17515075118633436,0.6565481147983002,0.004030388526388044,optimal,0.008870999998180196
resdynet_ltv_mpc,38,38.0,0.656561225793748,0.6565481147983002,0.6999753977406362,-1.3110995447762619e-05,0.17570611483917817,0.6617200428316901,0.004094037067301666,optimal,0.008898083993699402
resdynet_ltv_mpc,39,39.0,0.6618891757621457,0.6617200428316901,0.7028111104010791,-0.00016913293045561772,0.17665295779007376,0.66664118097422,0.004167400801110151,optimal,0.009012750000692904
resdynet_ltv_mpc,40,40.0,0.6669807789272876,0.66664118097422,0.7039918917809027,-0.0003395979530675941,0.17744233507034854,0.6713796017779683,0.004176831412106583,optimal,0.008916499995393679
resdynet_ltv_mpc,41,41.0,0.6718105589333729,0.6713796017779683,0.7041847102951535,-0.0004309571554046432,0.1779219800832995,0.6758490367794479,0.004168517010722192,optimal,0.008879833010723814
resdynet_ltv_mpc,42,42.0,0.6763524732528619,0.6758490367794479,0.7058539519683364,-0.0005034364734139984,0.17856503955487205,0.6800614151059305,0.004179282458490567,optimal,0.008878082997398451
resdynet_ltv_mpc,43,43.0,0.6805799906229321,0.6800614151059305,0.7053065096832938,-0.0005185755170015183,0.17879691347173424,0.6839769459823057,0.004173883744480642,optimal,0.00888858301914297
resdynet_ltv_mpc,44,44.0,0.6844661779121722,0.6839769459823057,0.7046115114360356,-0.000489231929866496,0.17876787290201884,0.6874848471054388,0.004194807239979959,optimal,0.008864707982866094
resdynet_ltv_mpc,45,45.0,0.6879837967074585,0.6874848471054388,0.703893602101848,-0.0004989496020196826,0.17858921048051846,0.690543951729889,0.004128652376638767,optimal,0.00890824999078177
resdynet_ltv_mpc,46,46.0,0.6911054098670717,0.690543951729889,0.702545234156219,-0.0005614581371826688,0.1781850284797198,0.6931202794906276,0.004020602675147646,optimal,0.008847624994814396
resdynet_ltv_mpc,47,47.0,0.6938034982353979,0.6931202794906276,0.7023806705539558,-0.0006832187447702864,0.17792422214150072,0.6952603385408579,0.003972066243474605,optimal,0.009015458985231817
resdynet_ltv_mpc,48,48.0,0.6960505876567005,0.6952603385408579,0.6997322116057194,-0.0007902491158425784,0.1771807290036561,0.6969212732392126,0.003873211564053091,optimal,0.008875458006514236
resdynet_ltv_mpc,49,49.0,0.6978193863601865,0.6969212732392126,0.6982013764698762,-0.0008981131209738757,0.17642398527654912,0.6980583672296413,0.0038392733265327408,optimal,0.008854084007907659
resdynet_ltv_mpc,50,50.0,0.6990829327156729,0.6980583672296413,0.6964383872224931,-0.0010245654860315812,0.17560819241783035,0.6987126595604325,0.0037495894614219703,optimal,0.008850582991726696
resdynet_ltv_mpc,51,51.0,0.6998147532784129,0.6987126595604325,0.6931030047542306,-0.0011020937179804235,0.17440564134739459,0.6988285909403059,0.003590187176256549,optimal,0.008873832994140685
resdynet_ltv_mpc,52,52.0,0.6999890309529427,0.6988285909403059,0.6895864891489009,-0.0011604400126368208,0.17295134508356316,0.6983246844570011,0.003448923266808831,optimal,0.008854292012983933
resdynet_ltv_mpc,53,53.0,0.6995807830091036,0.6983246844570011,0.6865101885260309,-0.0012560985521025136,0.1714607913337708,0.6972089208572877,0.0033283607964201315,optimal,0.008891375007806346
resdynet_ltv_mpc,54,54.0,0.6985660485787106,0.6972089208572877,0.682843837226291,-0.001357127721422935,0.16982054022957926,0.6955019922073145,0.003195243518221393,optimal,0.009027541993418708
resdynet_ltv_mpc,55,55.0,0.6969220851487844,0.6955019922073145,0.6785036934775263,-0.0014200929414699415,0.16795074786200992,0.6931783342147858,0.0030411978146040494,optimal,0.010084375011501834
resdynet_ltv_mpc,56,56.0,0.6946275734470602,0.6931783342147858,0.6735205615382628,-0.0014492392322743575,0.16581651949087572,0.690188857896464,0.0028657337499021305,optimal,0.010586624994175509
resdynet_ltv_mpc,57,57.0,0.6916628299879447,0.690188857896464,0.6682614108440456,-0.001473972091480702,0.1634833467837861,0.6864982424678328,0.0026849684900093875,optimal,0.009956374997273088
resdynet_ltv_mpc,58,58.0,0.6880100264126601,0.6864982424678328,0.6627478054811885,-0.0015117839448273163,0.1609934910816781,0.6820980384609044,0.002506651651582724,optimal,0.012991374998819083
resdynet_ltv_mpc,59,59.0,0.6836534146165519,0.6820980384609044,0.6567865866351653,-0.001555376155647492,0.15832846709087808,0.6769833106428094,0.002325183831185828,optimal,0.03065004202653654
resdynet_ltv_mpc,60,60.0,0.678579556510152,0.6769833106428094,0.6506134493720478,-0.0015962458673426383,0.155532968325513,0.6711565303137461,0.0021447920236972833,optimal,0.009201415989082307
resdynet_ltv_mpc,61,61.0,0.6727775571094347,0.6711565303137461,0.6438963174225868,-0.0016210267956885405,0.1525590764979068,0.6646151843572797,0.001954955617594555,optimal,0.009174624981824309
resdynet_ltv_mpc,62,62.0,0.6662392994957871,0.6646151843572797,0.6366968624539725,-0.0016241151385073538,0.1493977163451195,0.6573430973644485,0.0017606227484533062,optimal,0.00906620899331756
resdynet_ltv_mpc,63,63.0,0.6589596800286994,0.6573430973644485,0.6292720442124784,-0.0016165826642509096,0.14610387930438365,0.649337458967915,0.0015741582024614608,optimal,0.009052084002178162
resdynet_ltv_mpc,64,64.0,0.6509368420354213,0.649337458967915,0.6214309876464077,-0.0015993830675063991,0.14266704784047513,0.640603242969561,0.0013908490654732514,optimal,0.009054249996552244
resdynet_ltv_mpc,65,65.0,0.6421724060433165,0.640603242969561,0.6133501868096465,-0.0015691630737555418,0.13912341779264017,0.6311515366032907,0.001212455607834317,optimal,0.009044709004228935
resdynet_ltv_mpc,66,66.0,0.632671694464097,0.6311515366032907,0.6048511340284246,-0.0015201578608062816,0.13545543154419404,0.6209939589584036,0.0010365425953236835,optimal,0.009017249976750463
resdynet_ltv_mpc,67,67.0,0.6224439484863761,0.6209939589584036,0.5958982916116288,-0.001449989527972484,0.1316496716033148,0.6101318091563572,0.0008641584610453306,optimal,0.009022542013553903
resdynet_ltv_mpc,68,68.0,0.6115025347861063,0.6101318091563572,0.5867608802427249,-0.0013707256297490478,0.1277614040648396,0.5985780791040636,0.0007066357286821881,optimal,0.009054708003532141
resdynet_ltv_mpc,69,69.0,0.5998651395256898,0.5985780791040636,0.5773326028398947,-0.001287060421626185,0.12379857854964287,0.5863581595409786,0.0005646816429823888,optimal,0.009012208000058308
resdynet_ltv_mpc,70,70.0,0.5875539469842442,0.5863581595409786,0.5676223686249425,-0.0011957874432656501,0.11977020612364508,0.573498413543817,0.0004361422351792596,optimal,0.009026082989294082
resdynet_ltv_mpc,71,71.0,0.5745958000462404,0.573498413543817,0.5576370316527918,-0.0010973865024234142,0.11568540403640261,0.5600264828306581,0.0003245896571466864,optimal,0.009015707997605205
resdynet_ltv_mpc,72,72.0,0.5610223396761921,0.5600264828306581,0.5473472734222039,-0.0009958568455339378,0.1115456994747136,0.5459688978684141,0.00023178206485987242,optimal,0.009011083981022239
resdynet_ltv_mpc,73,73.0,0.546870120426106,0.5459688978684141,0.5369257585215624,-0.000901222557691983,0.1073917052913394,0.5313621106013608,0.00016330539012743774,optimal,0.00902525000856258
resdynet_ltv_mpc,74,74.0,0.5321806989629347,0.5313621106013608,0.5263494109802179,-0.0008185883615738909,0.10324053459652532,0.5162538925998237,0.00011998555623790067,optimal,0.00894520798465237
resdynet_ltv_mpc,75,75.0,0.5170006925683446,0.5162538925998237,0.5156680099747065,-0.0007467999685208948,0.09911291710517638,0.5006981891797376,0.00010155938431387324,optimal,0.008966791006969288
resdynet_ltv_mpc,76,76.0,0.5013818045558078,0.5006981891797376,0.5048794744198914,-0.0006836153760702013,0.09501990481804704,0.48475254319766375,0.00010872077941321652,optimal,0.008943291002651677
resdynet_ltv_mpc,77,77.0,0.4853808135734646,0.48475254319766375,0.494047567935221,-0.0006282703758008212,0.09098127080977382,0.46847870428979743,0.00014086848181562388,optimal,0.009058791998540983
resdynet_ltv_mpc,78,78.0,0.46905952381848276,0.46847870428979743,0.48324300042426677,-0.0005808195286853279,0.08702132343538166,0.45194659235992596,0.00019693164797807686,optimal,0.009020291996421292
resdynet_ltv_mpc,79,79.0,0.45248467328281966,0.45194659235992596,0.47248054003039286,-0.0005380809228937022,0.08315401068307984,0.43523144583934176,0.0002749799122834767,optimal,0.008988041983684525
resdynet_ltv_mpc,80,80.0,0.435727797284308,0.43523144583934176,0.4618322921941473,-0.0004963514449662365,0.0793995197763139,0.4184133147256763,0.0003727607219282626,optimal,0.008894917002180591
resdynet_ltv_mpc,81,81.0,0.41886504471365016,0.4184133147256763,0.45127886630332026,-0.0004517299879738812,0.07576150847025304,0.40157226690171605,0.0004885669659939771,optimal,0.008870374993421137
resdynet_ltv_mpc,82,82.0,0.40197694464978617,0.40157226690171605,0.4409126957478636,-0.0004046777480701258,0.07225833346123801,0.3847897963751033,0.0006199913152393629,optimal,0.008955291996244341
resdynet_ltv_mpc,83,83.0,0.3851481212655278,0.3847897963751033,0.4308091902184969,-0.00035832489042447735,0.06890990147713878,0.3681537827699644,0.0007645438004847638,optimal,0.009003832994494587
resdynet_ltv_mpc,84,84.0,0.3684669552643036,0.3681537827699644,0.4210224169286101,-0.0003131724943392089,0.06573131158419297,0.35175659424905514,0.0009191371360763387,optimal,0.008948999980930239
resdynet_ltv_mpc,85,85.0,0.35202519045891545,0.35175659424905514,0.4116084720628747,-0.00026859620986030563,0.06273504921402312,0.3356922053144462,0.0010797798002602503,optimal,0.00886670799809508
resdynet_ltv_mpc,86,86.0,0.33591748452547465,0.3356922053144462,0.4026115203696661,-0.00022527921102843962,0.05992935732846116,0.3200532716227794,0.0012428070138238412,optimal,0.008851457998389378
resdynet_ltv_mpc,87,87.0,0.3202409034407256,0.3200532716227794,0.39411122013434696,-0.00018763181794617667,0.0573267656110531,0.3049316150021457,0.0014036789966061687,optimal,0.008872000005794689
resdynet_ltv_mpc,88,88.0,0.3050943596387241,0.3049316150021457,0.3861940113662207,-0.00016274463657839355,0.05494167158392937,0.2904200917816642,0.001557279308225611,optimal,0.009106374986004084
resdynet_ltv_mpc,89,89.0,0.290577994502551,0.2904200917816642,0.3789963981826396,-0.00015790272088678226,0.05279733541314933,0.27661669981712467,0.001697741683241353,optimal,0.00891270799911581
resdynet_ltv_mpc,90,90.0,0.27679250643689424,0.27661669981712467,0.37262328354727686,-0.00017580661976956957,0.050913101546808455,0.26362409807628356,0.001818558349020258,optimal,0.008854249987052754
resdynet_ltv_mpc,91,91.0,0.2638384264455692,0.26362409807628356,0.36718242573472687,-0.00021432836928564347,0.04930670277754199,0.2515457280294642,0.0019135369442803204,optimal,0.008841416012728587
resdynet_ltv_mpc,92,92.0,0.25181534386108473,0.2515457280294642,0.3628239475626983,-0.00026961583162055103,0.048002610090027514,0.24048684609248175,0.0019769315211314513,optimal,0.008835667016683146
resdynet_ltv_mpc,93,93.0,0.24082108563697424,0.24048684609248175,0.35966444917396795,-0.0003342395444924928,0.047021507341845147,0.23055234382581366,0.0020041587838862886,optimal,0.008846292010275647
resdynet_ltv_mpc,94,94.0,0.23095085341252597,0.23055234382581366,0.3578200769282667,-0.00039850958671230896,0.04638355703358683,0.22184255199432606,0.001992359930597269,optimal,0.008852625003783032
resdynet_ltv_mpc,95,95.0,0.22229632338743766,0.22184255199432606,0.3574134525984316,-0.00045377139311159054,0.04611145191929302,0.21445193628300407,0.0019400051645534747,optimal,0.008857375010848045
resdynet_ltv_mpc,96,96.0,0.21494471489332323,0.21445193628300407,0.35854784034991666,-0.0004927786103191556,0.04622755318055383,0.20846730673422612,0.0018477161915909782,optimal,0.008854957995936275
resdynet_ltv_mpc,97,97.0,0.20897783441135756,0.20846730673422612,0.36131403797401285,-0.0005105276771314449,0.04675497592290455,0.20396594381199393,0.0017183124067671782,optimal,0.00881570900673978
resdynet_ltv_mpc,98,98.0,0.2044711026509224,0.20396594381199393,0.3658062159151878,-0.00050515883892846,0.0477214071821268,0.2010165872325985,0.0015565815827225913,optimal,0.008805082994513214
resdynet_ltv_mpc,99,99.0,0.2014925731620662,0.2010165872325985,0.37207581138896006,-0.00047598592946770935,0.04915263662508126,0.19967856526962563,0.0013700018008179647,optimal,0.00882354099303484
resdynet_ltv_mpc,100,100.0,0.2001019517929527,0.19967856526962563,0.38014984383651046,-0.00042338652332707394,0.05107400549850776,0.20000043311937402,0.0011680858776033087,optimal,0.008834792010020465
resdynet_ltv_mpc,101,101.0,0.20034962710922422,0.20000043311937402,0.39001213079852615,-0.00034919398985019945,0.053507335357553636,0.20201877444094085,0.0009619154411618486,optimal,0.008820916002150625
resdynet_ltv_mpc,102,102.0,0.20227572265134292,0.20201877444094085,0.40161483819783395,-0.0002569482104020637,0.056471419302069864,0.20575765818853337,0.0007637763990924762,optimal,0.00884187500923872
resdynet_ltv_mpc,103,103.0,0.20590918260359284,0.20575765818853337,0.4148776456726584,-0.000151524415059473,0.05998109765846241,0.21122904895783862,0.0005861310279707964,optimal,0.008824207994621247
resdynet_ltv_mpc,104,104.0,0.21126690306885665,0.21122904895783862,0.42967199243674725,-3.785411101803193e-05,0.06404274855009696,0.21843189375122055,0.00044118268078495416,optimal,0.008753333997447044
resdynet_ltv_mpc,105,105.0,0.21835292167023215,0.21843189375122055,0.44584063621281406,7.897208098839315e-05,0.06865476154847727,0.22735135962176786,0.0003402916736066824,optimal,0.008775875001447275
resdynet_ltv_mpc,106,106.0,0.2271576786172856,0.22735135962176786,0.4632077665262814,0.000193681004482249,0.07380803734286501,0.23795938671234912,0.00029317903509427115,optimal,0.00893850001739338
resdynet_ltv_mpc,107,107.0,0.23765736266428128,0.23795938671234912,0.4815893223997818,0.00030202404806783933,0.0794868006221206,0.2502160295040859,0.00030768102392803883,optimal,0.010075625003082678
resdynet_ltv_mpc,108,108.0,0.24981335553310893,0.2502160295040859,0.5007952251596159,0.0004026739709769578,0.08566828603843743,0.2640707428468488,0.00038912095617886885,optimal,0.010230916988803074
resdynet_ltv_mpc,109,109.0,0.26357178835814904,0.2640707428468488,0.5206128399374882,0.0004989544886997432,0.0923184099029286,0.2794617426645217,0.0005399805690234835,optimal,0.010127916000783443
resdynet_ltv_mpc,110,110.0,0.27886322351782794,0.2794617426645217,0.5407882751937596,0.0005985191466937323,0.09938511392316975,0.29631226475451855,0.0007596076852034915,optimal,0.012937374995090067
resdynet_ltv_mpc,111,111.0,0.2956024748328745,0.29631226475451855,0.5610186827160211,0.0007097899216440551,0.10679252752466287,0.3145244954080239,0.0010441255588617008,optimal,0.030314541014377028
resdynet_ltv_mpc,112,112.0,0.31368857852025334,0.3145244954080239,0.5809744748932504,0.0008359168877705714,0.11444150324602424,0.3339741317984716,0.0013868254380107682,optimal,0.009292083996115252
resdynet_ltv_mpc,113,113.0,0.33300492648201535,0.3339741317984716,0.6003544789991009,0.0009692053164562231,0.12222052697398299,0.3545098177218052,0.0017787707501050807,optimal,0.009110791987041011
resdynet_ltv_mpc,114,114.0,0.35341957246940553,0.3545098177218052,0.6189471836417015,0.0010902452523996464,0.13002420853883628,0.3759601675880828,0.0022089411967405686,optimal,0.009130542021011934
resdynet_ltv_mpc,115,115.0,0.37478572038645863,0.3759601675880828,0.6366472152277043,0.0011744472016241847,0.13776749086754617,0.3981462574803314,0.0026641931483555943,optimal,0.009021083998959512
resdynet_ltv_mpc,116,116.0,0.396942402478711,0.3981462574803314,0.6534025490171071,0.001203855001620402,0.1453836051266754,0.4208925910972903,0.0031295212020668924,optimal,0.009008666995214298
resdynet_ltv_mpc,117,117.0,0.41971535338948235,0.4208925910972903,0.6691271774582364,0.0011772377078079765,0.15280574157524532,0.4440294660533336,0.003587662406215881,optimal,0.00887791599961929
resdynet_ltv_mpc,118,118.0,0.4429180840599556,0.4440294660533336,0.6836461173970376,0.0011113819933780134,0.15994599420740532,0.4673852986595346,0.004019534174400364,optimal,0.00888266702531837
resdynet_ltv_mpc,119,119.0,0.4663531572054787,0.4673852986595346,0.6967191608578002,0.0010321414540558904,0.1666890782476682,0.4907748064736772,0.004407480349825358,optimal,0.008853874984197319
resdynet_ltv_mpc,120,120.0,0.48981366362899104,0.4907748064736772,0.7081214349472058,0.0009611428446861803,0.17290642088579425,0.5139919032949267,0.004738849396284045,optimal,0.008857666980475187
resdynet_ltv_mpc,121,121.0,0.5130848959476958,0.5139919032949267,0.7177056826594607,0.0009070073472309259,0.17847799806392534,0.536811776498864,0.005005867465730999,optimal,0.009044417005497962
resdynet_ltv_mpc,122,122.0,0.5359462134305466,0.536811776498864,0.7254063313697733,0.0008655630683174209,0.1833062736111027,0.558999536020912,0.005202846556313266,optimal,0.008869125013006851
resdynet_ltv_mpc,123,123.0,0.5581730885963859,0.558999536020912,0.7312049222623161,0.0008264474245260889,0.18731744096139846,0.580319639143857,0.0053245580270687145,optimal,0.008856208005454391
resdynet_ltv_mpc,124,124.0,0.5795393230356548,0.580319639143857,0.7350924755993501,0.0007803161082021726,0.19045469141661564,0.6005419356736241,0.005366861307154192,optimal,0.008860666013788432
resdynet_ltv_mpc,125,125.0,0.599819416627837,0.6005419356736241,0.7370565979991617,0.0007225190457871289,0.19267221696237571,0.6194438975541996,0.005328197996892453,optimal,0.008840833994327113
resdynet_ltv_mpc,126,126.0,0.6187910709730812,0.6194438975541996,0.7370853054900981,0.0006528265811184264,0.19393312261608994,0.6368108893294777,0.005210337195024718,optimal,0.008866708987625316
resdynet_ltv_mpc,127,127.0,0.6362378044858006,0.6368108893294777,0.7351779250653685,0.0005730848436771296,0.19421102600798815,0.6524364418509898,0.00501821954285633,optimal,0.008868416014593095
resdynet_ltv_mpc,128,128.0,0.6519516532617533,0.6524364418509898,0.731353720871757,0.0004847885892365067,0.19349316924338902,0.6661236096605023,0.00475941254119728,optimal,0.008817333990009502
resdynet_ltv_mpc,129,129.0,0.6657359285841163,0.6661236096605023,0.7256566900413562,0.0003876810763859817,0.19178344281822143,0.6776876003750142,0.004443484889381291,optimal,0.008836041000904515
resdynet_ltv_mpc,130,130.0,0.6774079988386298,0.6776876003750142,0.7181574059813403,0.00027960153638439955,0.1891045588927236,0.6869594265804805,0.004081420286715764,optimal,0.008814166998490691
resdynet_ltv_mpc,131,131.0,0.6868020607269825,0.6869594265804805,0.7089514621218452,0.0001573658534980149,0.18549878614094198,0.6937901314460613,0.0036851385307043747,optimal,0.008835415996145457
resdynet_ltv_mpc,132,132.0,0.6937718620681274,0.6937901314460613,0.6981555837981592,1.8269377933921582e-05,0.18102713250602145,0.6980550722479107,0.003267166725303007,optimal,0.008805375022348017
resdynet_ltv_mpc,133,133.0,0.6981933362281063,0.6980550722479107,0.6859013288856256,-0.00013826398019556319,0.17576690772643952,0.69965774214641,0.002840373583209383,optimal,0.008795583999017254
resdynet_ltv_mpc,134,134.0,0.6999671063902536,0.69965774214641,0.672329943993824,-0.00030936424384364614,0.16980848931798104,0.6985327947931884,0.0024177092365209435,optimal,0.008837416011374444
resdynet_ltv_mpc,135,135.0,0.6990208165391405,0.6985327947931884,0.6575864961938526,-0.00048802174595208303,0.16325139385524323,0.6946480781366096,0.0020119022357261893,optimal,0.008824959018966183
resdynet_ltv_mpc,136,136.0,0.6953112452517848,0.6946480781366096,0.6418158508290908,-0.0006631671151752228,0.1562003673111236,0.6880056195237447,0.0016350837649628416,optimal,0.008827958023175597
resdynet_ltv_mpc,137,137.0,0.6888261582339761,0.6880056195237447,0.6251569160690797,-0.0008205387102313555,0.1487611559487989,0.6786414848373048,0.001298217526178737,optimal,0.008834707987261936
resdynet_ltv_mpc,138,138.0,0.6795858560692303,0.6786414848373048,0.6077375454209922,-0.0009443712319254782,0.14103639273636062,0.6666244038944373,0.0010104777589262832,optimal,0.008843457995681092
resdynet_ltv_mpc,139,139.0,0.6676443749179646,0.6666244038944373,0.5896727189724484,-0.0010199710235272441,0.13312247859639825,0.652053331632021,0.000778711003746133,optimal,0.008954916993388906
resdynet_ltv_mpc,140,140.0,0.6530902999623749,0.652053331632021,0.5710694229083791,-0.0010369683303539379,0.12510866081326627,0.6350546366486831,0.0006071695155512421,optimal,0.008850207988871261
resdynet_ltv_mpc,141,141.0,0.6360471542760961,0.6350546366486831,0.5520376657971777,-0.0009925176274130365,0.1170786639940523,0.615780045520972,0.0004975507770683925,optimal,0.009009166999021545
resdynet_ltv_mpc,142,142.0,0.616673329533747,0.615780045520972,0.5326984047034748,-0.0008932840127749975,0.10911283775209166,0.594406042660504,0.0004491242083097245,optimal,0.008994749980047345
resdynet_ltv_mpc,143,143.0,0.5951615295776748,0.594406042660504,0.5131905428500481,-0.0007554869171707557,0.10129012604686859,0.5711348111151074,0.00045916678197612974,optimal,0.009001500002341345
resdynet_ltv_mpc,144,144.0,0.5717377033268,0.5711348111151074,0.49368023161894725,-0.0006028922116925184,0.09369011920779166,0.546196770719504,0.0005240649265874114,optimal,0.009055167000042275
resdynet_ltv_mpc,145,145.0,0.5466594498284907,0.546196770719504,0.4743684900813088,-0.0004626791089866744,0.08639440791971027,0.5198545875268747,0.0006409085866277176,optimal,0.009024625003803521
resdynet_ltv_mpc,146,146.0,0.5202138853844137,0.5198545875268747,0.4554815373357983,-0.0003592978575389649,0.07948378789310964,0.49240694590167466,0.0008078190235530383,optimal,0.009026833024108782
resdynet_ltv_mpc,147,147.0,0.49271497057211977,0.49240694590167466,0.43723792415858836,-0.0003080246704451062,0.07302924796572406,0.46418817096916265,0.0010206200977926603,optimal,0.009032082976773381
resdynet_ltv_mpc,148,148.0,0.46450030356299116,0.46418817096916265,0.419838580231754,-0.0003121325938285069,0.06708598259613482,0.4355622774613952,0.0012682467313585098,optimal,0.00899958299123682
resdynet_ltv_mpc,149,149.0,0.43592739531098595,0.4355622774613952,0.4035214979128272,-0.000365117849590757,0.0617021468699135,0.4069178112063745,0.0015342533198257533,optimal,0.009052959008840844
resdynet_ltv_mpc,150,150.0,0.4073694518418439,0.4069178112063745,0.3885978954138205,-0.00045164063546943023,0.05692929466269101,0.37866865243314135,0.0018020521989370413,optimal,0.009022125013871118
resdynet_ltv_mpc,151,151.0,0.37921069887502806,0.37866865243314135,0.3753469046432516,-0.0005420464418867121,0.05280647456807301,0.3512486586782585,0.002053175069077112,optimal,0.00901999999769032
resdynet_ltv_mpc,152,152.0,0.35184129420695887,0.3512486586782585,0.3638692462143381,-0.0005926355287003693,0.0493300836063302,0.3250829317240598,0.002266604339588152,optimal,0.009008875000290573
resdynet_ltv_mpc,153,153.0,0.3256518835014658,0.3250829317240598,0.35415705769550254,-0.0005689517774060127,0.04646188722511921,0.30054960295307415,0.002427745474927217,optimal,0.009015624993480742
resdynet_ltv_mpc,154,154.0,0.3010278651822199,0.30054960295307415,0.34634178709273655,-0.000478262229145765,0.04418046933216306,0.2779704668644274,0.0025269985958759856,optimal,0.009020041994517669
resdynet_ltv_mpc,155,155.0,0.2783434397975466,0.2779704668644274,0.3408213607841699,-0.00037297293311922,0.04252009930914291,0.2576405163411003,0.002547364032744509,optimal,0.009009915986098349
resdynet_ltv_mpc,156,156.0,0.2579555283135271,0.2576405163411003,0.33815449705132916,-0.0003150119724267819,0.04156283169362527,0.2398630689791401,0.002468950184012723,optimal,0.009008167020510882
resdynet_ltv_mpc,157,157.0,0.2401976520607082,0.2398630689791401,0.33887557974909027,-0.0003345830815681128,0.041406069394667795,0.2249558911837216,0.00228744926671845,optimal,0.009019959019497037
resdynet_ltv_mpc,158,158.0,0.22537387428198413,0.2249558911837216,0.3433980504064329,-0.0004179830982625199,0.0421425038718228,0.2132276501349923,0.002020973820974241,optimal,0.009165416995529085
resdynet_ltv_mpc,159,159.0,0.21375290917235248,0.2132276501349923,0.35201481129297474,-0.0005252590373601707,0.04386130889829467,0.20494774776756236,0.001702425258681842,optimal,0.010363874986069277
