profile,seed,epoch,train_loss,validation_loss,validation_rmse,validation_nrmse,wall_time_sec
uniform,0,0,nan,0.003379586115647843,0.058134207716309796,0.07224592481533104,0.36228929201024584
uniform,0,1,0.023773754421045724,0.002408803604095138,0.04907956418522387,0.060993322922677576,9.893204625026556
uniform,0,2,0.004107730175517757,0.0015871012093304215,0.03983843897545414,0.04950897208449152,19.396341959014535
uniform,0,3,0.0023557823415146276,0.0020318461369645763,0.04507600420189094,0.05601792367132782,28.75162783401902
uniform,0,4,0.0017313092737427308,0.0004127762776436603,0.020316896290857988,0.02524869641421815,38.22035041701747
uniform,0,5,0.0009999890814638107,0.00042698501876923454,0.02066361581483289,0.0256795799446747,47.50503412500257
uniform,0,6,0.0008925021928625526,0.0017131342130410092,0.04139002575275793,0.051437196894995006,56.76085991700529
uniform,0,7,0.0007281236410339035,0.0005740763519552636,0.023959890598573338,0.0297760049163351,65.99525633401936
uniform,0,8,0.0006066636904791297,0.00046234318642015794,0.021502167116508937,0.02672168435573541,75.23708004201762
uniform,0,9,0.0007976842084652524,0.0002175531029310893,0.014749681405135516,0.018330074765025947,84.45237641700078
uniform,0,10,0.0006653929022160769,0.0004898718478597722,0.022133048755953774,0.027505708586582838,93.73003816700657
uniform,0,11,0.0004998680673420722,0.0006962584700313494,0.02638671011616828,0.03279191976743495,103.02138870902127
uniform,0,12,0.0005964454629146741,0.0014849235922402549,0.03853470628673198,0.04788876639994265,112.27076908401796
uniform,0,13,0.0005094008118228681,0.0006219308123076773,0.024938540766244407,0.03099221632114348,121.50447637500474
uniform,0,14,0.0004472321700229796,0.00023349882547541194,0.015280668321900528,0.018989955451002283,130.73410229201545
uniform,0,15,0.0003922921471821801,0.0002723692369983554,0.01650361285884034,0.02050976216274467,140.11841445902246
uniform,0,16,0.0006182730374420719,0.0007671137588218246,0.02769681854755209,0.03442004886649432,149.52700795902638
uniform,0,17,0.0006578554607849013,0.00021113715839807926,0.014530559490299919,0.018057762369166758,158.95010237500537
uniform,0,18,0.0004757182764745206,0.00016697539745678746,0.01292189610097301,0.016058605954313243,168.46897725001327
uniform,0,19,0.0004949944727712053,0.00024424686027019296,0.015628399291827706,0.019422095949620844,178.05105754200486
uniform,0,20,0.00034159548402188603,0.00018840869015166245,0.013726204490241211,0.017058155199105102,187.19355745901703
uniform,0,21,0.0005035961718874779,0.00040227177432518746,0.02005671389813823,0.02492535636502658,196.4963924170006
uniform,0,22,0.00033069648511690824,0.00023340920721667374,0.015277735649439721,0.01898631089055441,205.83685658400645
uniform,0,23,0.0005788483977947726,0.0003887395349144437,0.019716478731613224,0.024502531229432602,215.03872229202534
uniform,0,24,0.0006131310580010769,0.0004350118559852255,0.020856937843208367,0.02591982969221265,224.51566745902528
uniform,0,25,0.0002626807456010277,0.00018008795458084197,0.013419685344375376,0.016677230438338648,233.80436062501394
uniform,0,26,0.0004390785773184247,0.0002624920356088939,0.016201605823105546,0.02013444479876044,242.8842797090183
uniform,0,27,0.0003096123260937388,0.00022380786582575196,0.014960209414476337,0.018591707138319494,251.9789136670006
uniform,0,28,0.0005542842134953515,0.00018933449444631135,0.013759887145707032,0.017100014109546254,261.66886245901696
uniform,0,29,0.0002924809574988875,0.00022427986624538534,0.014975976235199844,0.01861130125664181,271.33887354200124
uniform,0,30,0.0004597031206579165,0.00014776416634848004,0.012155828488768719,0.015106580197209065,280.79327962500975
uniform,0,31,0.00023476460443060818,0.00017938088761673522,0.013393315039054849,0.016644458905528896,290.06205300000147
uniform,0,32,0.0004893302527872892,0.00024105671837385234,0.015526001434114934,0.019294841649266935,299.13687875002506
uniform,0,33,0.0002870086043681788,0.00024069824850178427,0.015514452849063824,0.019280489717072427,308.59077587502543
uniform,0,34,0.00031359444350243746,0.000221223133769614,0.014873571688597804,0.01848403864371239,317.9206473340164
uniform,0,35,0.000291545823847098,0.00017237701580071987,0.013129242856100584,0.01631628484373323,327.1959729170194
uniform,0,36,0.00042942845395987965,0.0004306831154932103,0.020752906156218626,0.02579054496069365,336.76353562501026
uniform,0,37,0.0003783378944485601,0.00020161843716740984,0.014199240748673429,0.017646018065120072,345.90016308400664
uniform,0,38,0.0003739241820978572,0.0001875324036156286,0.013694247043874976,0.017018440281534854,355.14214337500744
uniform,0,39,0.00025050703761675966,0.0001914328393739335,0.01383592569190199,0.017194510539570308,364.8005139590241
uniform,0,40,0.0005527636469246352,0.00036236981451629195,0.019036013519446265,0.023656887322190186,374.24567929201294
short_term,0,0,nan,0.0003993166583173179,0.058134207716309796,0.07224592481533104,0.3582230830215849
short_term,0,1,0.00339549863822823,0.0002749369639811877,0.06798603434746599,0.08448922104397304,9.686243833013577
short_term,0,2,0.00040611677831223697,0.00016363486164295947,0.03359899882871695,0.04175494667606635,18.998553958022967
short_term,0,3,0.00028600068000661743,0.0001393321502595433,0.021168231503407214,0.02630668795095014,28.64906570801395
short_term,0,4,0.00018054599402488237,0.00012769973033375357,0.01984166904788236,0.024658110715798424,37.84826970801805
short_term,0,5,0.00020673906273133648,0.00018588363866716998,0.0351225564811699,0.043648338466113185,47.38304075002088
short_term,0,6,0.0002210869818591072,0.00012913107347875777,0.024102113081662175,0.029952751022008835,56.69109958302579
short_term,0,7,0.00016304344917585244,0.0001475106587898585,0.023257909552019045,0.028903622339821196,65.70887741600745
short_term,0,8,0.00019057044806197263,0.00011931977837401451,0.01649111688988782,0.020494232875103147,75.28961629100377
short_term,0,9,0.00018383159267537663,0.00013059883403134827,0.023288592272011615,0.0289417530991244,84.40504458302166
short_term,0,10,0.00020484053640727374,0.00011718297498094437,0.016127434149117773,0.020042268412552557,93.85547300000326
short_term,0,11,0.00016226079241123283,0.00013289710907812992,0.023869256873946938,0.029663370419154962,103.86714658301207
short_term,0,12,0.00015921551693240128,0.00012290307896222985,0.01848055909358198,0.022966599791565158,113.5202694160107
short_term,0,13,0.00029976574072947137,0.00019748947327339171,0.07911711533781146,0.09832230266548872,124.0183472080098
short_term,0,14,0.00015310700701929471,0.00012402925585361572,0.0182910526111771,0.02273109179003442,134.6831459160021
short_term,0,15,0.0001541882479859767,0.0001501618202265787,0.04080627561293442,0.05071174504195812,144.6669774580223
short_term,0,16,0.00018452629996689983,0.00011873654140873994,0.01904864646711815,0.02367258683928265,154.58923633300583
short_term,0,17,0.0001561025363837977,0.00014054855454349128,0.024063379833356,0.029904615518749948,165.90403879102087
short_term,0,18,0.0001449865935539182,0.00012684358421424644,0.01664092442168308,0.020680405252847863,177.01051166601246
short_term,0,19,0.0001713697484522644,0.00011639763041940379,0.014806015954739104,0.018400084175922666,186.70933325000806
short_term,0,20,0.00016904840822494442,0.0001250656455129688,0.019409772533945158,0.024121374011203126,196.6334565000143
short_term,0,21,0.0001563217481173949,0.00014354034389319972,0.022994431455796636,0.028576186575613984,206.28236400001333
short_term,0,22,0.00013203242744336654,0.0001352858482113341,0.028742405528301804,0.035719445579145144,216.21143850000226
short_term,0,23,0.0001708635953590928,0.00013217986182355613,0.040189272678884946,0.049944968485860476,224.98700087500038
short_term,0,24,0.00017319675508055003,0.00011959901347404777,0.018379531924513054,0.022841048905992294,233.74293258300168
short_term,0,25,0.0002139344687499366,0.00013035553329277118,0.016204282384421016,0.02013777107867647,242.56396329100244
short_term,0,26,0.00014509387275293072,0.00011377263585569013,0.013474430739077017,0.016745264936871788,251.52132412500214
short_term,0,27,0.00013030743699809382,0.00012277045793182876,0.01999795065252103,0.024852328707275016,260.3935312500107
short_term,0,28,0.00015880443523129484,0.00013979187650097293,0.015354191434668922,0.019081325841791393,269.2759370000276
short_term,0,29,0.00013520794086527483,0.000113832875969126,0.014511910946119415,0.018034587006953953,278.1983186660218
short_term,0,30,0.00018707999787092634,0.00012015917457477041,0.016665709453159053,0.020711206696453956,286.9941106660117
short_term,0,31,0.00014723308747799886,0.0002161977712464328,0.04182896556092081,0.0519826866096522,295.7729337500059
short_term,0,32,0.00015431822112170064,0.00011858904576068495,0.022955918930962584,0.028528325375076304,304.5602107500017
short_term,0,33,0.0001695131685788859,0.0001866682664076275,0.022523330623058533,0.02799072894783439,313.99977258301806
short_term,0,34,0.0001637407819266858,0.00011821484824448251,0.019311268728682603,0.023998959020295356,323.8442126660084
short_term,0,35,0.00012844796147835493,0.0001167513648034263,0.014190493105725961,0.017635146986291955,333.5472123750078
short_term,0,36,0.0001269311914315215,0.00011830413298716864,0.01751394562963525,0.02176534692539442,343.33146183300414
short_term,0,37,0.00016793862143154152,0.00011486416553639936,0.014537142534477528,0.01806594340634598,353.0206060410128
short_term,0,38,0.00014630177113829983,0.00013174923244747602,0.019937850490760876,0.024777639605307687,362.6116290410282
long_term,0,0,nan,0.00839321319330922,0.058134207716309796,0.07224592481533104,0.43014079102431424
long_term,0,1,0.04562223050701904,0.010736030762511535,0.10834139943846867,0.1346405998412428,10.475516458012862
long_term,0,2,0.008761739371565994,0.0012268954810354413,0.11213708259167567,0.1393576614557675,20.170815750025213
long_term,0,3,0.00400955257294717,0.004590357987510405,0.12944895551553473,0.16087188378374798,29.791825666005025
long_term,0,4,0.0029104615986990973,0.0019030497913607124,0.13570034163463135,0.16864075497497177,39.47953854102525
long_term,0,5,0.0029616306031025343,0.0005662594168320819,0.14563582412322515,0.1809880139997749,49.19108870800119
long_term,0,6,0.002045100016131239,0.0015312906594069087,0.13414749754455535,0.16671096764684606,59.38944720799918
long_term,0,7,0.0020661694910657177,0.00044295832824243505,0.1361465128851263,0.16919523151957902,69.22502004101989
long_term,0,8,0.0018401913019739915,0.001368601973883058,0.14395964879380255,0.17890495754155805,79.12677562501631
long_term,0,9,0.0015755783773640567,0.0012608803331199347,0.13240682715715768,0.1645477603567444,88.82171754102455
long_term,0,10,0.0014795360781765467,0.0004967727421636242,0.127160473742477,0.15802788730366524,98.5118080000102
long_term,0,11,0.0014509972914462787,0.0003761207515554381,0.13523549497296222,0.16806306967936252,108.20086133302539
long_term,0,12,0.0011554847465687235,0.0006224289582449664,0.12284657357485107,0.1526668147198256,117.67124200001126
uniform,1,0,nan,0.003379586115647843,0.058134207716309796,0.07224592481533104,0.42265875000157394
uniform,1,1,0.025372466852085215,0.001855963448271548,0.04308089395408094,0.053538512828318445,9.894971625006292
uniform,1,2,0.00322171606912416,0.0005639166231283851,0.023746928677193937,0.029511347814004142,19.267877916019643
uniform,1,3,0.0016852094075926053,0.0011800708422911297,0.03435215910640665,0.04269093192353706,28.880804832995636
uniform,1,4,0.0009858792355060477,0.0010745647509127826,0.032780554529995745,0.0407378301177829,38.26125712500652
uniform,1,5,0.0009155719432094257,0.0007913126051159029,0.02813027909454348,0.034958729263433255,47.512333624996245
uniform,1,6,0.000992424494923701,0.0013364340385925632,0.036557270599004266,0.045431320506470044,56.6994502080197
uniform,1,7,0.0009519109637048323,0.0001908779439243746,0.013815858365002289,0.017169571993963646,65.93979916602257
uniform,1,8,0.0005023340945358751,0.0002640266922630379,0.016248898288586413,0.020193217215891082,75.32990179100307
uniform,1,9,0.0005179875831299472,0.00020393485659546228,0.014280576272303993,0.01774709728088413,84.6416772910161
uniform,1,10,0.0006447427741375961,0.0008208774065488274,0.028650958293973242,0.035605800097845884,94.22735570801888
uniform,1,11,0.0006117062893365985,0.001132480668836259,0.033652350209211375,0.041821248772119735,103.79780962501536
uniform,1,12,0.0004782470930305254,0.00039317414871741836,0.019828619497387644,0.024641893468140802,113.38188862500829
uniform,1,13,0.0004878152787548422,0.0005492563850759415,0.023436219630207342,0.029125216079697577,122.92862874999992
uniform,1,14,0.0004939422019767209,0.00036347555187881905,0.019065034797317054,0.023692953334637272,132.57343529100763
uniform,1,15,0.0004941337026142551,0.00031780523411998886,0.017827092752141036,0.02215450856287801,142.24381837502006
uniform,1,16,0.0004729733362605738,0.00024193018964266175,0.015554105239088378,0.019329767477981145,152.20796545801568
uniform,1,17,0.0004643503690895505,0.0002573009961519009,0.01604060456739981,0.019934361490295104,163.0592037080205
uniform,1,18,0.0005259877717325931,0.0003704386444678703,0.019246782725650485,0.023918819441384527,172.76775262501906
uniform,1,19,0.0004212901945738101,0.00017672657191460098,0.013293854673527094,0.016520855155305124,182.53441412499524
uniform,1,20,0.00046226839213225776,0.00017752033717903133,0.01332367592960478,0.016557915335689812,192.43797724999604
uniform,1,21,0.00042059373394524716,0.00015454368539375438,0.012431560062808955,0.01544924389470941,202.3254482500197
uniform,1,22,0.00029280687632518614,0.00018157622058756728,0.013475022124554769,0.016745999877493513,212.2529275410052
uniform,1,23,0.00048166199724931187,0.0007511034230416378,0.02740626606419406,0.03405896657618381,222.0711425000045
uniform,1,24,0.0005688506891029199,0.00021117911388158676,0.01453200305120055,0.018059556345491376,232.23075108299963
uniform,1,25,0.00043252029059686085,0.000345359092086916,0.018583839558754717,0.02309495094684664,242.25094700002228
uniform,1,26,0.00038576807355428244,0.00016127954067443143,0.012699588209938297,0.015782334206361947,252.564924041013
uniform,1,27,0.0002902669801824953,0.00014928860118533258,0.012218371466880387,0.015184305093993284,262.54194512500544
uniform,1,28,0.000508320183617571,0.00015569186954807364,0.01247765482116268,0.015506527868762261,272.7572460829979
uniform,1,29,0.00043633742746005224,0.00017909709414358667,0.013382716269003723,0.01663128735001402,283.1081503330206
uniform,1,30,0.00044174748635447604,0.000618013091904689,0.024859869031739677,0.030894447512736276,293.2229993750225
uniform,1,31,0.00022689762801904334,0.00018933667600636104,0.013759966474460502,0.01710011269486089,303.47417462500744
uniform,1,32,0.00042784212339363515,0.00022266156645089598,0.014921848604106657,0.01854403447998815,313.6929630000086
uniform,1,33,0.0003447113618788092,0.00015526828847098605,0.012460669619249853,0.015485419614800058,323.8214627080015
uniform,1,34,0.0003140739491249142,0.0001638321789761014,0.012799694495429921,0.015906740669600645,334.0441058750148
uniform,1,35,0.0004431752522991145,0.00021181716309003808,0.014553939768795874,0.01808681806475004,344.3340431250108
uniform,1,36,0.0003389248560322087,0.00015339272707060533,0.012385181763272246,0.015391607551616152,354.47067762500956
uniform,1,37,0.0003219489924013124,0.0006737219952320596,0.02595615534777836,0.03225685050876759,364.8782806660165
uniform,1,38,0.0004005277698137189,0.000145023821498964,0.012042583591475295,0.014965845805927679,376.01924812499783
uniform,1,39,0.0004102930044776421,0.00016001546876804376,0.01264972207444931,0.015720363376847093,386.26773933300865
uniform,1,40,0.0003243306389466531,0.000268010420432753,0.01637102386119501,0.020344988011147567,395.8483467909973
short_term,1,0,nan,0.0003993166583173179,0.058134207716309796,0.07224592481533104,0.4227287500107195
short_term,1,1,0.003107674735230491,0.00033938040424196815,0.04221791857290023,0.05246605554446745,10.350187375006499
short_term,1,2,0.0003670013880522853,0.00014698551813711102,0.02650440675977896,0.03293818653874468,21.022451416996773
short_term,1,3,0.00022396672658659021,0.0004581004091914014,0.09453667217794065,0.11748486095808516,30.774310542008607
short_term,1,4,0.0002688648101166036,0.00017877099647227684,0.030765394900364094,0.03823350303030092,40.039800083002774
short_term,1,5,0.00016335839162430184,0.0001266555950210573,0.017890810177924026,0.022233692997196065,49.097604042006424
short_term,1,6,0.00017882559076232835,0.00019618649179585832,0.02171947980418412,0.02699174834580152,59.38424404201214
short_term,1,7,0.00019936193724001393,0.00021768428955946768,0.061388285336658584,0.07628990952481927,69.47878304199548
short_term,1,8,0.00018886643689101495,0.0001513527657915348,0.027410584997051953,0.034064333903112164,78.62013212501188
short_term,1,9,0.00019496144077293828,0.0001795800448007982,0.03720914965729393,0.0462414391489001,89.10128120801528
short_term,1,10,0.00018152600960392117,0.00016721665956478178,0.03274683118886001,0.04069592064547868,98.27568670801702
short_term,1,11,0.00018284180036082725,0.00031417163848615595,0.08640645339049392,0.10738108216202052,107.58790350001073
short_term,1,12,0.00020001960862190305,0.00016012700330827825,0.03009481790958008,0.03740014764863841,116.76842579201912
short_term,1,13,0.00025535066220168476,0.00012609215581372747,0.02104552318841582,0.026154192956224395,127.0694438329956
short_term,1,14,0.0001387118406664394,0.0001243561984068309,0.015273519941969224,0.01898107184633378,136.78615266701672
short_term,1,15,0.00015164628979039388,0.00014380385138584214,0.020716372043737434,0.02574514241979396,146.58943875000114
short_term,1,16,0.00015341133769079278,0.00013249125318985766,0.03957950379042493,0.04918718199489483,156.0896771250118
short_term,1,17,0.00020104390491465052,0.00013020700467258244,0.013932808639599994,0.017314911219827863,165.21779337499174
short_term,1,18,0.00016652683389740242,0.00011841589895223859,0.020387979401676366,0.025337034507770317,174.3794701670122
short_term,1,19,0.00014494556010670497,0.0001377426027449898,0.020936096291657005,0.026018203361344364,183.6836392499972
short_term,1,20,0.00014687282505850875,0.0001588632559451679,0.03025625790188926,0.037600776194287006,193.039321749995
short_term,1,21,0.00015179542352262133,0.00013358339921347513,0.028469090521886394,0.03537978505601997,202.23512729199138
short_term,1,22,0.00015609069193688355,0.00012084170418569296,0.015664535267011413,0.019467003707872074,211.56879733299138
short_term,1,23,0.00016914721522901722,0.00011867916279620162,0.013905214845772802,0.017280619204291373,220.86541920801392
short_term,1,24,0.00016857449164265083,0.00012802591775044745,0.01717138782731343,0.021339635348619906,230.08932966701104
short_term,1,25,0.00015886771635082055,0.00015732734321499881,0.03272860922264986,0.040673275410383535,239.34081195801264
short_term,1,26,0.00015170726219720042,0.00012291192554784053,0.01943299019763434,0.024150227618247394,248.6610611670185
short_term,1,27,0.00013724954132170574,0.00012112342592158603,0.014710675858109373,0.018281600864227587,257.86574312500306
short_term,1,28,0.00017548423795617557,0.00012705837910893277,0.02637450400026881,0.03277675069287107,267.12823770800605
short_term,1,29,0.00013242421733404862,0.00012750201996809344,0.022414998026068944,0.027856099287181708,276.4172659580072
short_term,1,30,0.00014696434783482878,0.0001706388699039402,0.0305338088285323,0.03794570088091093,285.67766174999997
short_term,1,31,0.00015054186908051832,0.00011651996377190605,0.015380934570518522,0.019114560707420677,294.96761470800266
short_term,1,32,0.00014432046686456914,0.00012359946980077964,0.025046715512562837,0.031126649813857033,304.23740400001407
short_term,1,33,0.00013348430298661977,0.00011908450666899464,0.016287321233817306,0.020240967091934476,313.5850910420122
short_term,1,34,0.00013057880643137983,0.00011520371496081482,0.014030927517762002,0.017436847844977194,322.93419091700343
short_term,1,35,0.00018730206818575522,0.00013170567071457082,0.020318919749951272,0.02525121105541243,332.19325745801325
long_term,1,0,nan,0.00839321319330922,0.058134207716309796,0.07224592481533104,0.41945537499850616
long_term,1,1,0.044406109757985715,0.011703844508311386,0.1983953999072541,0.2465546484326776,9.648469207982998
long_term,1,2,0.009955361807037783,0.0028793240496576464,0.14031105841507155,0.17437069455701604,19.737913832999766
long_term,1,3,0.005779585256086751,0.00190143568854963,0.17198938158182178,0.21373873350835298,28.69470620798529
long_term,1,4,0.003983268685459852,0.001701136777961143,0.16130196428909221,0.20045701218571102,37.644198750000214
long_term,1,5,0.0031225381225698785,0.004374408413950569,0.1596165464481362,0.1983624696538109,46.54606208298355
long_term,1,6,0.002759188612016561,0.0010008311633791912,0.11867386767316965,0.14748121043120316,55.34200899998541
long_term,1,7,0.0023716013469881323,0.0007875161476317649,0.11796910481595763,0.14660537077680819,64.03846345798229
long_term,1,8,0.002222464211785723,0.0007213705627757939,0.11834494441467631,0.14707244309891085,72.70208874999662
long_term,1,9,0.0021074947103266275,0.0010476431168570009,0.10120656986772578,0.12577383479898907,81.367721290997
long_term,1,10,0.0028876857184843255,0.0009988584379604553,0.09915593649282776,0.12322542293536397,90.01431758297258
long_term,1,11,0.0013242035133836322,0.0006375698016079965,0.10734039641452522,0.13339660956342486,98.64916058297968
long_term,1,12,0.0017131948544288709,0.00028287554812443487,0.0992202108698241,0.12330529951733599,107.44230595798581
