controller,k,t,reference,y,u,predicted_y0,stage_qp_cost,solve_time_sec,qp_status
linear,0,0.0,0.6,0.0,2.0,0.00029840773782768837,38.72522832924087,0.04478995897807181,optimal
linear,1,0.02,0.6,0.003945883724645941,2.0,0.0042433659651499415,32.391171949930914,0.03891845801263116,optimal
linear,2,0.04,0.6,0.015561078810889858,2.0,0.015821313668670043,27.658601196677008,0.04881441601901315,optimal
linear,3,0.06,0.6,0.034499338606407706,2.0,0.034818291804950566,23.098631919579944,0.0365321249992121,optimal
linear,4,0.08,0.6,0.060399288406718474,2.0,0.06068176131352223,18.83261146908404,0.03569783398415893,optimal
linear,5,0.1,0.6,0.09288643513282971,2.0,0.09315592604415851,14.940105677413644,0.03526062500895932,optimal
linear,6,0.12,0.6,0.1315751496290345,2.0,0.1317997342090832,11.49201873866059,0.03597124997759238,optimal
linear,7,0.14,0.6,0.17607061488432862,1.6928414575227209,0.1763269500467761,8.53077595172777,0.03577133300132118,optimal
linear,8,0.16,0.6,0.22536472793023898,1.234831745120999,0.22562662388391305,6.093126233453345,0.03652662498643622,optimal
linear,9,0.18,0.6,0.2775745054693393,0.7421158741528524,0.27782198717845324,4.172318876120058,0.052120374981313944,optimal
linear,10,0.2,0.6,0.3305172169526161,0.28684929594871256,0.3307971670908111,2.744734649823585,0.03686345898313448,optimal
linear,11,0.22,0.6,0.38209916407340505,-0.09040693250376787,0.3823795315554358,1.7529294681554335,0.036872042022878304,optimal
linear,12,0.24,0.6,0.4305408939104944,-0.3716668353590426,0.43081139987064054,1.1116741767048828,0.0369818749895785,optimal
linear,13,0.26,0.6,0.4744863020507123,-0.5544027358145989,0.47479274426651036,0.7295704319711136,0.037246584019158036,optimal
linear,14,0.28,0.6,0.5130313506362649,-0.645467431379151,0.5133369785010228,0.523782924141824,0.03591087498352863,optimal
linear,15,0.3,0.6,0.5457012869121549,-0.6578355394327533,0.5459564059597491,0.42708755190001335,0.03645716700702906,optimal
linear,16,0.32,0.6,0.5723967323855388,-0.6073241806434169,0.57266643822837,0.39063614297952376,0.03627337497891858,optimal
linear,17,0.34,0.6,0.5933228883883539,-0.5101933055399547,0.5936109483613305,0.38243652671060596,0.051524249982321635,optimal
linear,18,0.36,0.6,0.6089139161689497,-0.38190217478500194,0.6091891580469426,0.3836551529061379,0.0360791249840986,optimal
linear,19,0.38,0.6,0.6197601022273709,-0.2362721443107732,0.6200421256458055,0.385233079636405,0.03616866600350477,optimal
linear,20,0.4,0.6,0.6265420578466274,-0.08498312994800275,0.6268507401519053,0.38381692045621735,0.03621495800325647,optimal
linear,21,0.42,0.6,0.6299745582686374,0.06296269426212456,0.6302806938051962,0.3788634078396177,0.03592970801400952,optimal
linear,22,0.44,0.6,0.630761902053762,0.2007512153281877,0.6310695806921047,0.37157985987906145,0.03609041598974727,optimal
linear,23,0.46,0.6,0.6295645918556645,0.3237636330327047,0.6298754691258585,0.36319255832976355,0.03605666698422283,optimal
linear,24,0.48,0.6,0.6269760842885888,0.42929696386337524,0.6272905202001068,0.3546386600739199,0.03795845899730921,optimal
linear,25,0.5,0.6,0.6235087678952084,0.5162759806397204,0.6238222177311202,0.34643625866925776,0.03938004100928083,optimal
linear,26,0.52,0.6,0.6195877498875063,0.5848942899642519,0.619892739874181,0.33876348422138447,0.04968858297797851,optimal
linear,27,0.54,0.6,0.6155509008973421,0.636239712261992,0.6158442777084908,0.33158156086343027,0.03636616701260209,optimal
linear,28,0.56,0.6,0.6116534743247453,0.6720138947542729,0.6119383071246738,0.3247603155445787,0.035837374976836145,optimal
linear,29,0.58,0.6,0.6080758203044857,0.6943218496787581,0.6083573363791452,0.31818381785755523,0.03548287501325831,optimal
linear,30,0.6,0.6,0.6049330816239934,0.7054693205652659,0.6052150305774904,0.3118027376178181,0.0357316670124419,optimal
linear,31,0.62,0.6,0.6022859463605235,0.707780613987226,0.6025697057280641,0.30564295651822354,0.036118167015956715,optimal
linear,32,0.64,0.6,0.6001516197591713,0.7034574017416316,0.6004370179894656,0.299787607146415,0.03589283401379362,optimal
linear,33,0.66,0.6,0.5985143305265846,0.6944852302807014,0.5988007147050002,0.29434920046563307,0.038248458004090935,optimal
linear,34,0.68,0.6,0.5973348892777361,0.6825813460745077,0.5976216701642937,0.289441839198366,0.047206415998516604,optimal
linear,35,0.7000000000000001,0.6,0.5965590138889966,0.66917200958815,0.5968458434955277,0.28515868790248217,0.035683166002854705,optimal
linear,36,0.72,0.6,0.5961242911423306,0.655392666249597,0.5964109265826085,0.2815583624255868,0.035837208008160815,optimal
linear,37,0.74,0.6,0.5959657570164978,0.64210113723992,0.5962522274843572,0.2786589894372017,0.03616070898715407,optimal
linear,38,0.76,0.6,0.5960201542730473,0.6299040542115045,0.5963065771442178,0.2764403885153351,0.036268249998101965,optimal
linear,39,0.78,0.6,0.5962289803465379,0.6191891662660935,0.5965154987892053,0.27485053191835745,0.036322416010079905,optimal
linear,40,0.8,0.6,0.5965404762279634,0.6101606697559125,0.5968272583751276,0.2738144765575344,0.03673133300617337,optimal
linear,41,0.8200000000000001,0.6,0.5969107226688182,0.6028759840628686,0.5971980141022935,0.27324420394554283,0.05210383399389684,optimal
linear,42,0.84,0.6,0.5973040157482082,0.5972816619164826,0.5975919472908658,0.2730472583771313,0.035554375004721805,optimal
linear,43,0.86,0.6,0.5976926910317867,0.5932447227904575,0.5979813910696986,0.2731336388507049,0.03559245800715871,optimal
linear,44,0.88,0.6,0.5980565503622343,0.5905819522321634,0.5983459451934855,0.2734210603102609,0.03557841599103995,optimal
linear,45,0.9,0.6,0.5983820279151244,0.5890812433767151,0.598672135333429,0.27383762702974346,0.03764162500738166,optimal
linear,46,0.92,0.6,0.5986612081582937,0.588522374490534,0.5989519636699632,0.27432389011849556,0.042234124994138256,optimal
linear,47,0.9400000000000001,0.6,0.5988907879117209,0.5886911280253456,0.5991819729823887,0.27483268958826135,0.03824200000963174,optimal
linear,48,0.96,0.6,0.5990710570741777,0.5893883786141062,0.5993625520575218,0.27532853143130137,0.03777129200170748,optimal
linear,49,0.98,0.6,0.5992049466971806,0.590437969479441,0.5994966579352877,0.27578660002594385,0.05439558398211375,optimal
linear,50,1.0,0.6,0.5992971787291022,0.5916903275645813,0.5995889755062541,0.27619096371350116,0.03871229200740345,optimal
linear,51,1.02,0.6,0.5993535392419816,0.5930233800105494,0.5996453851788973,0.2765331120896314,0.045234624994918704,optimal
linear,52,1.04,0.6,0.5993802819940989,0.5943430144955892,0.5996720021529917,0.2768103380937092,0.08283525001024827,optimal
linear,53,1.06,0.6,0.599383662248083,0.5955797433641443,0.5996752695002328,0.2770243203995037,0.037671833008062094,optimal
linear,54,1.08,0.6,0.5993695918791957,0.5966868390313792,0.5996610990589565,0.277179772459778,0.037616833025822416,optimal
linear,55,1.1,0.6,0.5993434021967812,0.597637272746849,0.5996347502461266,0.2772834244670022,0.036674957984359935,optimal
linear,56,1.12,0.6,0.5993097015154253,0.5984193564627304,0.5996009184988875,0.2773430684420613,0.058941833005519584,optimal
linear,57,1.1400000000000001,0.6,0.5992723097609357,0.5990339144514013,0.5995634195070793,0.2773669211202005,0.04196795797906816,optimal
linear,58,1.16,0.6,0.599234253282221,0.5994908517443541,0.5995252459520667,0.2773629583883709,0.051355333998799324,optimal
linear,59,1.18,0.6,0.5991978052521075,0.5998059278990542,0.5994887195078122,0.2773385932856404,0.047194084007060155,optimal
linear,60,1.2,0.6,0.5991645566654075,0.5999990238239377,0.5994553719721668,0.27730051652701093,0.03780062499572523,optimal
linear,61,1.22,0.6,0.5991355067559012,0.6000910999509065,0.5994262773704736,0.2772543272197354,0.037396290979813784,optimal
linear,62,1.24,0.6,0.5991111623408861,0.6001037943959237,0.599401838408089,0.2772047254653631,0.037699459004215896,optimal
linear,63,1.26,0.6,0.5990916386391759,0.6000565146955003,0.5993823577443556,0.2771552405930068,0.03793341698474251,optimal
linear,64,1.28,0.6,0.5990767545894533,0.5999680544017347,0.5993674258850911,0.2771086367785755,0.03938045899849385,optimal
linear,65,1.3,0.6,0.5990661200386167,0.599853774806799,0.599356801988194,0.27706667861409867,0.03979224999784492,optimal
linear,66,1.32,0.6,0.599059212364052,0.5997270818855607,0.5993498443197167,0.2770305216799375,0.048701749998144805,optimal
linear,67,1.34,0.6,0.5990554400710724,0.5995978427297549,0.5993460906544272,0.27700057886974927,0.03623041699756868,optimal
linear,68,1.36,0.6,0.5990541933779909,0.5994740041847518,0.5993448336534761,0.2769769084541405,0.03566737499204464,optimal
linear,69,1.3800000000000001,0.6,0.5990548822113473,0.5993608798937736,0.5993455482402867,0.27695918411192116,0.03545066699734889,optimal
linear,70,1.4000000000000001,0.6,0.5990569637005636,0.5992619501481522,0.5993476583693984,0.2769468385680776,0.036484292009845376,optimal
linear,71,1.42,0.6,0.5990599596660618,0.5991789763426125,0.5993506467671975,0.27693909275195033,0.03595449999556877,optimal
linear,72,1.44,0.6,0.599063466207624,0.5991121913088551,0.5993542254778995,0.27693525006956393,0.03677883400814608,optimal
linear,73,1.46,0.6,0.5990671562635038,0.5990615701379747,0.5993578599912538,0.27693448935104886,0.053110667009605095,optimal
linear,74,1.48,0.6,0.5990707782836823,0.5990252160763997,0.5993615004986839,0.2769359827122242,0.03662941700895317,optimal
linear,75,1.5,0.6,0.5990741504643458,0.5990015196597531,0.5993649082590923,0.2769391525049499,0.03611824999097735,optimal
linear,76,1.52,0.6,0.5990771518577301,0.5989885766193067,0.5993679001244377,0.27694332004101774,0.03569429201888852,optimal
linear,77,1.54,0.6,0.5990797135696769,0.5989841860954374,0.5993704740593943,0.2769480089354767,0.03563320799730718,optimal
linear,78,1.56,0.6,0.5990818089392181,0.5989866250079803,0.5993725298722002,0.2769528589669548,0.03559779201168567,optimal
linear,79,1.58,0.6,0.5990834443029059,0.5989937358644336,0.5993741622377186,0.2769575100527827,0.03552249999484047,optimal
linear,80,1.6,0.6,0.5990846500650117,0.5990036379146262,0.5993754348493704,0.27696176279970924,0.035593792010331526,optimal
linear,81,1.62,0.6,0.5990854717238064,0.599015399622781,0.5993762608374467,0.27696552491178406,0.05106708299717866,optimal
linear,82,1.6400000000000001,0.6,0.5990859636020512,0.5990279081672436,0.5993767482000594,0.27696870416253266,0.03588516599847935,optimal
linear,83,1.6600000000000001,0.6,0.5990861842789986,0.5990401535448995,0.5993769672939019,0.2769712351038417,0.0354983749857638,optimal
linear,84,1.68,0.6,0.5990861920347506,0.5990518971982784,0.5993769223158306,0.27697324562002984,0.03554804201121442,optimal
linear,85,1.7,0.6,0.5990860421966033,0.5990622226019837,0.5993767687514703,0.2769746405205254,0.035527249972801656,optimal
linear,86,1.72,0.6,0.5990857847652826,0.599070783886097,0.5993765656672646,0.276975562551992,0.03620708399103023,optimal
linear,87,1.74,0.6,0.5990854619611317,0.5990780140910701,0.5993762075230569,0.27697610987672694,0.03604012497817166,optimal
linear,88,1.76,0.6,0.5990851085447126,0.5990836305659137,0.5993758416996041,0.2769762854311724,0.0365665830031503,optimal
linear,89,1.78,0.6,0.5990847522584484,0.5990876095056725,0.5993755198813631,0.2769762141167393,0.03895254200324416,optimal
linear,90,1.8,0.6,0.5990844133958316,0.5990905568763831,0.5993751365289949,0.2769759941175027,0.04963808399043046,optimal
linear,91,1.82,0.6,0.5990841061631484,0.599092288968835,0.5993748414848943,0.2769756342977742,0.03630633300053887,optimal
linear,92,1.84,0.6,0.5990838396797273,0.5990929194869089,0.5993746020300343,0.27697517333054067,0.035547500010579824,optimal
linear,93,1.86,0.6,0.599083618008341,0.5990929524459827,0.5993743601111787,0.27697470642155714,0.03553429199382663,optimal
linear,94,1.8800000000000001,0.6,0.5990834415533042,0.5990924948693886,0.599374168137758,0.27697424247046704,0.03539504201035015,optimal
linear,95,1.9000000000000001,0.6,0.5990833083947111,0.5990914771839241,0.5993740932853874,0.27697382606461357,0.03536362497834489,optimal
linear,96,1.92,0.6,0.5990832144581844,0.5990905286061728,0.5993739308436843,0.27697343349383363,0.035745375003898516,optimal
linear,97,1.94,0.6,0.5990831547212859,0.5990893386873059,0.5993738929080485,0.27697310631066685,0.03827608400024474,optimal
linear,98,1.96,0.6,0.5990831238828441,0.5990880679316906,0.5993738746613902,0.27697282671246687,0.047621750010875985,optimal
linear,99,1.98,0.6,0.5990831161069432,0.5990869783015214,0.5993738286183636,0.27697259769332055,0.036432333989068866,optimal
linear,100,2.0,0.6,0.5990831258960742,0.5990857074756524,0.5993739070816888,0.27697243406290645,0.03615599998738617,optimal
linear,101,2.02,0.6,0.5990831478945657,0.5990847518591871,0.5993739151850351,0.27697233590053266,0.03614354197634384,optimal
linear,102,2.04,0.6,0.5990831771780245,0.5990839776738622,0.5993739282115792,0.2769722496347363,0.03612624999368563,optimal
linear,103,2.06,0.6,0.5990832099581952,0.5990835619923462,0.5993739282096135,0.27697224963438216,0.036019999999552965,optimal
linear,104,2.08,0.6,0.5990832436421744,0.5990829933287698,0.5993740256412635,0.2769722495966693,0.03666954199434258,optimal
linear,105,2.1,0.6,0.5990832761312986,0.5990827123705523,0.5993740354846148,0.276972273388569,0.05203220798284747,optimal
linear,106,2.12,0.6,0.5990833056836768,0.5990825980757931,0.599374050251094,0.2769723090766812,0.03647245798492804,optimal
linear,107,2.14,0.6,0.599083331526154,0.5990825793605018,0.5993740674791953,0.27697235071288867,0.03601275000255555,optimal
linear,108,2.16,0.6,0.5990833534434676,0.5990826058712232,0.5993740822463404,0.27697238640109456,0.035356667009182274,optimal
linear,109,2.18,0.6,0.5990833715194839,0.5990826688515358,0.5993741019359979,0.27697243398539817,0.03541645800578408,optimal
linear,110,2.2,0.6,0.5990833860098367,0.5990827331336407,0.5993741142421517,0.2769724637256019,0.03548324998700991,optimal
linear,111,2.22,0.6,0.5990833972477588,0.5990827981147135,0.5993741265483088,0.27697249346581826,0.03542654198827222,optimal
linear,112,2.24,0.6,0.5990834055700788,0.5990828695643287,0.5993741413156665,0.2769725291540941,0.03552833298454061,optimal
linear,113,2.2600000000000002,0.6,0.5990834113259691,0.5990829323005901,0.599374151160643,0.27697255294628637,0.050891916995169595,optimal
linear,114,2.2800000000000002,0.6,0.599083414856373,0.5990829903584098,0.5993741610055973,0.27697257673848663,0.03602383300312795,optimal
linear,115,2.3000000000000003,0.6,0.5990834164713947,0.5990830459042458,0.5993741708505399,0.27697260053069467,0.03542550001293421,optimal
linear,116,2.32,0.6,0.5990834164624232,0.5990830818215881,0.5993741733118796,0.2769726064787467,0.03536366700427607,optimal
linear,117,2.34,0.6,0.5990834150721712,0.5990833012625485,0.5993741356710126,0.27697263326324545,0.03541662500356324,optimal
linear,118,2.36,0.6,0.5990834128631173,0.5990832433035106,0.599374183157323,0.2769726302709668,0.03548679099185392,optimal
linear,119,2.38,0.6,0.5990834101888856,0.5990832182769468,0.5993741856183747,0.2769726362190207,0.035361707996344194,optimal
linear,120,2.4,0.6,0.5990834069159873,0.5990831987462453,0.5993741831571124,0.2769726302709646,0.03615237501799129,optimal
linear,121,2.42,0.6,0.5990834029934704,0.5990835702918231,0.59937410049155,0.2769726659961326,0.03914837498450652,optimal
linear,122,2.44,0.6,0.5990833991571975,0.5990837575984278,0.5993740955700959,0.27697265409996275,0.04944025000440888,optimal
linear,123,2.46,0.6,0.5990833965116968,0.5990838216090458,0.5993740808033788,0.2769726184116974,0.03653599999961443,optimal
linear,124,2.48,0.6,0.5990833955115866,0.5990836680086655,0.5993741233668971,0.2769726035229922,0.03637950000120327,optimal
linear,125,2.5,0.6,0.5990833959178417,0.5990835733498785,0.5993741184441095,0.27697259162689003,0.03640374998212792,optimal
linear,126,2.52,0.6,0.5990833971879388,0.599083516431711,0.5993741159826704,0.2769725856788416,0.03686858300352469,optimal
linear,127,2.54,0.6,0.5990833989864491,0.5990832918080734,0.5993741560846829,0.2769725648424244,0.03629029099829495,optimal
linear,128,2.56,0.6,0.5990834007316255,0.5990831772946763,0.5993741585453113,0.27697257079044385,0.03650666700559668,optimal
linear,129,2.58,0.6,0.5990834017554912,0.5990833159652112,0.5993741209040624,0.27697259757494364,0.038780625007348135,optimal
linear,130,2.6,0.6,0.5990834021329695,0.5990832146382977,0.5993741683901678,0.2769725945826483,0.04730387500603683,optimal
linear,131,2.62,0.6,0.5990834019579784,0.5990831724195678,0.5993741733123081,0.2769726064787473,0.035813833004795015,optimal
linear,132,2.64,0.6,0.5990834009723075,0.5990831680309032,0.5993741806957972,0.2769726243229087,0.035938165994593874,optimal
linear,133,2.66,0.6,0.5990833991207573,0.5990833475507142,0.5993741356712315,0.27697263326323196,0.03625562498928048,optimal
linear,134,2.68,0.6,0.5990833967901754,0.5990834439398669,0.5993741356716873,0.2769726332632135,0.03619908299879171,optimal
linear,135,2.7,0.6,0.5990833945481407,0.599083483507376,0.5993741307495345,0.2769726213671123,0.036186916986480355,optimal
linear,136,2.72,0.6,0.5990833926656851,0.5990835230320061,0.5993741381332313,0.27697263921125465,0.03665900000487454,optimal
linear,137,2.74,0.6,0.5990833912910981,0.599083538160626,0.5993741356721329,0.27697263326320565,0.05209370801458135,optimal
linear,138,2.7600000000000002,0.6,0.5990833905166485,0.599083540190354,0.5993741332109725,0.27697262731515776,0.03657520798151381,optimal
linear,139,2.7800000000000002,0.6,0.5990833903552976,0.5990835290936781,0.59937412828858,0.2769726154190646,0.036122624995186925,optimal
linear,140,2.8000000000000003,0.6,0.5990833907656961,0.5990833412593596,0.5993741733131065,0.27697260647877525,0.03603841701988131,optimal
linear,141,2.82,0.6,0.5990833913316274,0.5990832404059183,0.5993741733126295,0.2769726064787541,0.036126332997810096,optimal
linear,142,2.84,0.6,0.5990833914801195,0.5990831984414093,0.599374178234771,0.2769726183748554,0.03600833300151862,optimal
linear,143,2.86,0.6,0.5990833909478226,0.5990833699722038,0.5993741381325075,0.2769726392112779,0.03595912500168197,optimal
linear,144,2.88,0.6,0.5990833900202408,0.5990834559785847,0.5993741356717442,0.27697263326321164,0.035743917018407956,optimal
linear,145,2.9,0.6,0.5990833892201324,0.5990834899712968,0.5993741307495651,0.27697262136711187,0.05102504100068472,optimal
linear,146,2.92,0.6,0.5990833887801387,0.5990835021296776,0.5993741282884526,0.27697261541906437,0.03614262500195764,optimal
linear,147,2.94,0.6,0.5990833887780291,0.5990835147510949,0.5993741307496823,0.27697262136711087,0.03556987500633113,optimal
linear,148,2.96,0.6,0.5990833892452136,0.5990835215278828,0.5993741307497144,0.27697262136711115,0.035534833994461223,optimal
linear,149,2.98,0.6,0.5990833901994014,0.5990833250105818,0.5993741683906897,0.27697259458267137,0.035600375005742535,optimal
linear,150,3.0,0.6,0.5990833912432324,0.5990832255882534,0.5993741708513896,0.27697260053070094,0.03553316701436415,optimal
linear,151,3.02,0.6,0.5990833917903644,0.5990833662683543,0.59937413074898,0.27697262136712725,0.03555100000812672,optimal
linear,152,3.04,0.6,0.5990833919421261,0.5990834418033929,0.5993741307493373,0.2769726213671156,0.03594233401236124,optimal
linear,153,3.06,0.6,0.5990833921363287,0.5990833004840377,0.5993741757740836,0.27697261242681614,0.03846850001718849,optimal
linear,154,3.08,0.6,0.599083392238784,0.5990832246057669,0.5993741757737248,0.2769726124268046,0.048873708001337945,optimal
linear,155,3.1,0.6,0.599083391827863,0.5990833779273241,0.5993741356713752,0.2769726332632249,0.036334000003989786,optimal
linear,156,3.12,0.6,0.5990833910800802,0.5990834541566625,0.5993741332105657,0.2769726273151627,0.03623399999924004,optimal
linear,157,3.14,0.6,0.599083390460459,0.5990833132100962,0.5993741782353138,0.27697261837487086,0.03631912497803569,optimal
linear,158,3.16,0.6,0.5990833898367272,0.5990832375319869,0.5993741782349559,0.2769726183748587,0.03612454200629145,optimal
linear,159,3.18,0.6,0.5990833887877866,0.5990833970542622,0.5993741405938056,0.2769726451593232,0.03612920898012817,optimal
linear,160,3.2,0.6,0.5990833875018189,0.5990834705196909,0.599374135671813,0.27697263326320987,0.03653654200024903,optimal
linear,161,3.22,0.6,0.5990833864486609,0.5990835099653118,0.5993741356719996,0.27697263326320676,0.03896145799080841,optimal
linear,162,3.24,0.6,0.5990833858441591,0.5990835250515103,0.5993741332109009,0.27697262731515804,0.048336333013139665,optimal
linear,163,3.2600000000000002,0.6,0.5990833857796481,0.5990835331517073,0.5993741332109392,0.27697262731515765,0.03614283399656415,optimal
linear,164,3.2800000000000002,0.6,0.5990833862795588,0.5990835253144338,0.5993741282885623,0.2769726154190642,0.03609145898371935,optimal
linear,165,3.3000000000000003,0.6,0.5990833873201072,0.5990835150131391,0.5993741258273435,0.2769726094710183,0.035217124997871,optimal
linear,166,3.3200000000000003,0.6,0.5990833888404344,0.5990835094820889,0.5993741258273174,0.2769726094710183,0.03554874999099411,optimal
linear,167,3.34,0.6,0.5990833907848017,0.5990834943258213,0.5993741209049058,0.27697259757492787,0.03541337497881614,optimal
linear,168,3.36,0.6,0.5990833930882903,0.5990833043117952,0.5993741659294218,0.276972588634617,0.03591304100700654,optimal
linear,169,3.38,0.6,0.599083395323397,0.5990833902574632,0.5993741233655837,0.2769726035229787,0.05118516698712483,optimal
linear,170,3.4,0.6,0.5990833972836871,0.5990832545278623,0.5993741683903564,0.27697259458265466,0.03584674999001436,optimal
linear,171,3.42,0.6,0.5990833988717854,0.599083187744132,0.5993741708512106,0.27697260053069644,0.03543445799732581,optimal
linear,172,3.44,0.6,0.5990833997000612,0.5990833398555531,0.5993741282876852,0.2769726154190836,0.03543620900018141,optimal
linear,173,3.46,0.6,0.5990833999651526,0.5990834276216289,0.5993741307492703,0.27697262136711764,0.03557508299127221,optimal
linear,174,3.48,0.6,0.5990834001573925,0.599083456465923,0.5993741233658967,0.27697260352297326,0.036021709005581215,optimal
linear,175,3.5,0.6,0.5990834005066555,0.5990832839837702,0.5993741659293258,0.2769725886346119,0.035941667010774836,optimal
linear,176,3.52,0.6,0.5990834007212729,0.5990832035598233,0.5993741708512853,0.276972600530698,0.03600270798779093,optimal
linear,177,3.54,0.6,0.5990834003112213,0.5990833483474348,0.5993741282877254,0.276972615419082,0.051856083009624854,optimal
linear,178,3.56,0.6,0.5990833994316896,0.5990834321811547,0.5993741307492918,0.2769726213671166,0.03636441699927673,optimal
linear,179,3.58,0.6,0.5990833985518065,0.5990834650073045,0.5993741258271071,0.27697260947101904,0.03552625002339482,optimal
resdynet_ltv,0,0.0,0.6,0.0,2.0,-7.2552775593152236e-06,38.74546809474169,0.036902040999848396,optimal
resdynet_ltv,1,0.02,0.6,0.003945883724645941,2.0,0.0039524274163234285,32.41119568171968,0.03705354098929092,optimal
resdynet_ltv,2,0.04,0.6,0.015561078810889858,2.0,0.015531240919283087,27.677679912584097,0.03688133301329799,optimal
resdynet_ltv,3,0.06,0.6,0.034499338606407706,2.0,0.03453016872651077,23.116402024349643,0.037056791014038026,optimal
resdynet_ltv,4,0.08,0.6,0.060399288406718474,2.0,0.06039674015745593,18.84880375899451,0.03807700000470504,optimal
resdynet_ltv,5,0.1,0.6,0.09288643513282971,2.0,0.09287479406268144,14.954534674740367,0.04055624999455176,optimal
resdynet_ltv,6,0.12,0.6,0.1315751496290345,2.0,0.13152263356765215,11.504592887227387,0.04948033401160501,optimal
resdynet_ltv,7,0.14,0.6,0.17607061488432862,1.6948905915714931,0.17605735970274303,8.541480833561724,0.037568708998151124,optimal
resdynet_ltv,8,0.16,0.6,0.22536877075258532,1.2378816825377927,0.22536899113496967,6.1020511141206315,0.03739708400098607,optimal
resdynet_ltv,9,0.18,0.6,0.2775924233644136,0.7453812925746366,0.27758461821443065,4.179255033058215,0.037221542006591335,optimal
resdynet_ltv,10,0.2,0.6,0.3305607757588526,0.289780037810706,0.3305896093303776,2.749656056720596,0.036650249996455386,optimal
resdynet_ltv,11,0.22,0.6,0.38217932698079427,-0.08814133707152445,0.3822093725050336,1.756110298291906,0.0365929999970831,optimal
resdynet_ltv,12,0.24,0.6,0.430666086911256,-0.37021771746921384,0.43068364949315296,1.1135720362122385,0.03921112502575852,optimal
resdynet_ltv,13,0.26,0.6,0.47466153846778647,-0.5537908151035641,0.4747099684150474,0.7306827610053936,0.05436045801616274,optimal
resdynet_ltv,14,0.28,0.6,0.5132580097938497,-0.6456190041446103,0.5132994383780797,0.524530397484234,0.038696832983987406,optimal
resdynet_ltv,15,0.3,0.6,0.545977356296208,-0.6586142170758806,0.5459621402691269,0.4277616884814997,0.04010874999221414,optimal
resdynet_ltv,16,0.32,0.6,0.5727173611018981,-0.6085658046931206,0.572710684143818,0.3914023635814779,0.037419875006889924,optimal
resdynet_ltv,17,0.34,0.6,0.5936811068689574,-0.5117265400203336,0.5936871547615828,0.3833468947311927,0.03694295900641009,optimal
resdynet_ltv,18,0.36,0.6,0.6093014041860345,-0.3835685490346617,0.6092896554351357,0.38469365353782015,0.03679020900744945,optimal
resdynet_ltv,19,0.38,0.6,0.6201679206783541,-0.23793249902678745,0.6201591030201979,0.38634743739351607,0.0367956249974668,optimal
resdynet_ltv,20,0.4,0.6,0.6269612911246486,-0.08652159281667324,0.6269766434491106,0.38494820342054453,0.03709904200513847,optimal
resdynet_ltv,21,0.42,0.6,0.6303968478139224,0.06163507758038476,0.6304079908619235,0.3799606865290419,0.039410958997905254,optimal
resdynet_ltv,22,0.44,0.6,0.6311798583577728,0.19969550829912705,0.6311914837857544,0.3726097672233942,0.0489322500070557,optimal
resdynet_ltv,23,0.46,0.6,0.6299720790807125,0.32301242081106973,0.6299863769713897,0.364140937049926,0.0369622080179397,optimal
resdynet_ltv,24,0.48,0.6,0.6273683783290672,0.4288587763210316,0.6273859645470714,0.35550511349403396,0.03664087498327717,optimal
resdynet_ltv,25,0.5,0.6,0.6238825998060569,0.5161381200466308,0.6238991335332122,0.34722883032775453,0.03677116698236205,optimal
resdynet_ltv,26,0.52,0.6,0.6199412531941294,0.5850275153993989,0.6199492765137443,0.33949450330941267,0.03712575000827201,optimal
resdynet_ltv,27,0.54,0.6,0.6158834815093965,0.6366032438765336,0.6158799269571864,0.33226314294679127,0.037383707996923476,optimal
resdynet_ltv,28,0.56,0.6,0.6119656255912118,0.672561864908344,0.611953554384193,0.3254013066745146,0.03800291699008085,optimal
resdynet_ltv,29,0.58,0.6,0.6083689085560605,0.6950058793337824,0.6083537160432403,0.31879023459814887,0.04074337499332614,optimal
resdynet_ltv,30,0.6,0.6,0.6052091218428196,0.706241969678995,0.6051944731939768,0.31237752063969243,0.038713374990038574,optimal
resdynet_ltv,31,0.62,0.6,0.6025473810668631,0.7085989109477115,0.6025347461487629,0.3061867703667354,0.05566233300487511,optimal
resdynet_ltv,32,0.64,0.6,0.6004011155362111,0.7042837469371526,0.600390232921624,0.30030021411762875,0.03733041699160822,optimal
resdynet_ltv,33,0.66,0.6,0.5987546009431646,0.6952885496209601,0.5987449684520187,0.29483006177230453,0.03746991601656191,optimal
resdynet_ltv,34,0.68,0.6,0.5975685479029302,0.6833385332415761,0.5975594076101489,0.28989121370603166,0.03748866598471068,optimal
resdynet_ltv,35,0.7000000000000001,0.6,0.5967884618859325,0.6698673638487693,0.5967794767639181,0.28557868619042764,0.03729133299202658,optimal
resdynet_ltv,36,0.72,0.6,0.5963516402246039,0.6560166454347506,0.5963425343988862,0.28195109738258445,0.038008582982001826,optimal
resdynet_ltv,37,0.74,0.6,0.5961927831278139,0.6426494055867602,0.5961836422920049,0.2790282377059527,0.0531190829933621,optimal
resdynet_ltv,38,0.76,0.6,0.5962482766607196,0.6303775461609914,0.5962390225469304,0.2767899893426571,0.03770516600343399,optimal
resdynet_ltv,39,0.78,0.6,0.5964592633873622,0.6195925424219756,0.5964501872744126,0.2751845273015698,0.036829874996328726,optimal
resdynet_ltv,40,0.8,0.6,0.5967736501850769,0.6105006454152797,0.5967649641320126,0.2741374368907605,0.03668641598778777,optimal
resdynet_ltv,41,0.8200000000000001,0.6,0.5971472162522236,0.6031624201238165,0.5971389995335666,0.27355998030808243,0.03665754199028015,optimal
resdynet_ltv,42,0.84,0.6,0.597543998786774,0.5975238004566863,0.5975363612675836,0.2733591000662614,0.036670667002908885,optimal
resdynet_ltv,43,0.86,0.6,0.5979361213897867,0.5934534127991821,0.5979292937600365,0.27344445876809714,0.03658041701419279,optimal
resdynet_ltv,44,0.88,0.6,0.5983032218127301,0.5907660534383293,0.5982970384015043,0.27373307416243664,0.0370957920094952,optimal
resdynet_ltv,45,0.9,0.6,0.5986316159830548,0.5892504828834644,0.5986260367013702,0.274152501986471,0.0411755419918336,optimal
resdynet_ltv,46,0.92,0.6,0.5989133124681054,0.5886845869804193,0.5989084310020384,0.2746426440050989,0.037652041006367654,optimal
resdynet_ltv,47,0.9400000000000001,0.6,0.599144971127011,0.5888518120392859,0.5991405341488534,0.27515572759808327,0.036940416001016274,optimal
resdynet_ltv,48,0.96,0.6,0.5993268741621182,0.5895527537404996,0.5993227536077893,0.2756561584976922,0.03671729200868867,optimal
resdynet_ltv,49,0.98,0.6,0.5994619679772608,0.5906098107980847,0.5994581067981403,0.27611850420360873,0.03695858299033716,optimal
resdynet_ltv,50,1.0,0.6,0.5995550085649424,0.5918728465839577,0.5995510989550792,0.2765267325533071,0.037441916996613145,optimal
resdynet_ltv,51,1.02,0.6,0.5996118299427121,0.5932185086716135,0.5996079513897401,0.27687256493641005,0.037383166985819116,optimal
resdynet_ltv,52,1.04,0.6,0.5996387433610455,0.5945490704341425,0.5996348835579536,0.27715278413708294,0.04023454198613763,optimal
resdynet_ltv,53,1.06,0.6,0.599642060899883,0.5957974972983153,0.599638028888578,0.2773691685399898,0.051553666999097914,optimal
resdynet_ltv,54,1.08,0.6,0.5996277481840978,0.5969165940611088,0.5996235463916415,0.2775262558896897,0.03779808297986165,optimal
resdynet_ltv,55,1.1,0.6,0.5996011909676439,0.5978772189647045,0.5995968182293219,0.27763132749102426,0.037561082979664207,optimal
resdynet_ltv,56,1.12,0.6,0.5995670473848493,0.5986676015610706,0.5995626390558032,0.27769184360971844,0.03747979199397378,optimal
resdynet_ltv,57,1.1400000000000001,0.6,0.5995291782662723,0.5992883199265883,0.5995245901927087,0.2777160627076302,0.03734345801058225,optimal
resdynet_ltv,58,1.16,0.6,0.5994906414936557,0.5997511922640113,0.5994859823284685,0.27771201791539973,0.03724016700289212,optimal
resdynet_ltv,59,1.18,0.6,0.5994537359399021,0.6000698365463,0.5994489002302819,0.27768752472134034,0.037225583975669,optimal
resdynet_ltv,60,1.2,0.6,0.5994200720944642,0.6002649501138804,0.5994151117738157,0.27764872239737437,0.04229554199264385,optimal
resdynet_ltv,61,1.22,0.6,0.5993906600887506,0.6003587306952779,0.5993857636344461,0.277602410217419,0.03806566700222902,optimal
resdynet_ltv,62,1.24,0.6,0.5993660133656041,0.6003708245605206,0.5993610283487317,0.27755200488011694,0.037134083977434784,optimal
resdynet_ltv,63,1.26,0.6,0.5993462481178217,0.6003240571977672,0.5993411585004004,0.2775021107500504,0.03672779101179913,optimal
resdynet_ltv,64,1.28,0.6,0.599331181689971,0.6002345411507203,0.5993261674992092,0.27745482816158074,0.03658258300856687,optimal
resdynet_ltv,65,1.3,0.6,0.5993204212383018,0.6001184058289494,0.5993154037074855,0.27741202420923844,0.03670645802048966,optimal
resdynet_ltv,66,1.32,0.6,0.5993134367026035,0.5999901819356971,0.599308401345564,0.277375692872998,0.03668612497858703,optimal
resdynet_ltv,67,1.34,0.6,0.59930962833333,0.5998593757063267,0.5993046262059297,0.2773452633851212,0.039448625000659376,optimal
resdynet_ltv,68,1.36,0.6,0.5993083788187555,0.599734018296021,0.5993033375944223,0.27732098416958706,0.050953583006048575,optimal
resdynet_ltv,69,1.3800000000000001,0.6,0.5993090907451164,0.5996196624197849,0.5993040102895613,0.27730332557555076,0.037070833990583196,optimal
resdynet_ltv,70,1.4000000000000001,0.6,0.5993112147484096,0.5995191775682669,0.5993062319722966,0.2772905001743703,0.03673229200649075,optimal
resdynet_ltv,71,1.42,0.6,0.5993142662551088,0.5994345704945586,0.5993092656441567,0.27728279500533753,0.03672812500735745,optimal
resdynet_ltv,72,1.44,0.6,0.5993178343866524,0.5993669102404837,0.5993128226697959,0.2772787997385213,0.036666750005679205,optimal
resdynet_ltv,73,1.46,0.6,0.5993215866962837,0.5993151265759137,0.5993166078410658,0.27727807257180415,0.0367077499977313,optimal
resdynet_ltv,74,1.48,0.6,0.5993252673665197,0.599278589015257,0.5993202873276182,0.27727989626660715,0.036875582998618484,optimal
resdynet_ltv,75,1.5,0.6,0.599328691879772,0.5992542172154345,0.5993237846162538,0.27728299213698493,0.04256862498004921,optimal
resdynet_ltv,76,1.52,0.6,0.599331737641128,0.5992410881371899,0.5993268657411179,0.277286944599436,0.03839587498805486,optimal
resdynet_ltv,77,1.54,0.6,0.5993343342129325,0.5992373768823447,0.5993293962574885,0.2772918936055332,0.037685415998566896,optimal
resdynet_ltv,78,1.56,0.6,0.5993364561483724,0.5992396618955935,0.599331524528627,0.27729686395174985,0.03748195798834786,optimal
resdynet_ltv,79,1.58,0.6,0.5993381110238508,0.5992464121579899,0.5993331669747768,0.2773014899726657,0.037320250004995614,optimal
resdynet_ltv,80,1.6,0.6,0.5993393284327097,0.5992570536139373,0.5993344159923791,0.2773061910992749,0.03733604200533591,optimal
resdynet_ltv,81,1.62,0.6,0.5993401548927578,0.59926947314915,0.5993351496282683,0.2773097208259484,0.037319625000236556,optimal
resdynet_ltv,82,1.6400000000000001,0.6,0.5993406477136874,0.5992820945872026,0.5993356916934172,0.27731297242290004,0.04023312500794418,optimal
resdynet_ltv,83,1.6600000000000001,0.6,0.5993408671257479,0.5992946508730557,0.5993359204900472,0.27731546052865147,0.05176324999774806,optimal
resdynet_ltv,84,1.68,0.6,0.5993408723337449,0.5993059523948212,0.5993359154890341,0.2773175494784186,0.037503750005271286,optimal
resdynet_ltv,85,1.7,0.6,0.5993407184582419,0.5993160600229708,0.5993358087800382,0.2773190791170837,0.03699687498738058,optimal
resdynet_ltv,86,1.72,0.6,0.5993404542837945,0.5993251463663066,0.5993354956936099,0.2773199151209517,0.03695562499342486,optimal
resdynet_ltv,87,1.74,0.6,0.5993401227752162,0.5993330631415302,0.5993351325743181,0.2773206636385859,0.03701233401079662,optimal
resdynet_ltv,88,1.76,0.6,0.5993397611808445,0.5993387164789253,0.5993347740944672,0.27732066189316207,0.036947500018868595,optimal
resdynet_ltv,89,1.78,0.6,0.5993393986638622,0.5993431816562172,0.5993343924707273,0.27732054374359194,0.036897750018397346,optimal
resdynet_ltv,90,1.8,0.6,0.5993390564969153,0.5993455861368188,0.5993340794694395,0.27732031725083983,0.04157329199369997,optimal
resdynet_ltv,91,1.82,0.6,0.5993387486600171,0.5993469524996422,0.5993337721256975,0.27731979495152015,0.0376181669998914,optimal
resdynet_ltv,92,1.84,0.6,0.5993384823905255,0.5993480004806936,0.599333490121128,0.27731946357081927,0.0368083750072401,optimal
resdynet_ltv,93,1.86,0.6,0.5993382618299196,0.599347717150183,0.5993332833933723,0.27731889297594026,0.03678470800514333,optimal
resdynet_ltv,94,1.8800000000000001,0.6,0.5993380875316935,0.5993475295233125,0.5993331315468646,0.27731861361017923,0.03673695801990107,optimal
resdynet_ltv,95,1.9000000000000001,0.6,0.5993379574433118,0.5993460393234673,0.5993330493225921,0.27731824833961455,0.0377746659796685,optimal
resdynet_ltv,96,1.92,0.6,0.5993378670358445,0.5993451746596509,0.599332896749486,0.27731765080013393,0.03682262499933131,optimal
resdynet_ltv,97,1.94,0.6,0.5993378105006917,0.599344377498566,0.5993328563678554,0.2773175044336039,0.03942575000110082,optimal
resdynet_ltv,98,1.96,0.6,0.5993377834752182,0.5993422301258636,0.5993328757714893,0.2773172104038258,0.05132891601533629,optimal
resdynet_ltv,99,1.98,0.6,0.5993377791197054,0.5993407070598098,0.5993328840822036,0.27731690705838963,0.03767433401662856,optimal
resdynet_ltv,100,2.0,0.6,0.5993377893768822,0.5993396189223188,0.5993328872712481,0.2773168003225379,0.03745437500765547,optimal
resdynet_ltv,101,2.02,0.6,0.5993378085216228,0.5993388372957247,0.5993328656584284,0.2773167071470135,0.03734420798718929,optimal
resdynet_ltv,102,2.04,0.6,0.5993378324699004,0.5993386288100605,0.5993328978453988,0.2773168383019537,0.03741937500308268,optimal
resdynet_ltv,103,2.06,0.6,0.5993378590064878,0.5993379208570857,0.599332931097516,0.27731670116554313,0.03730704198824242,optimal
resdynet_ltv,104,2.08,0.6,0.5993378861232477,0.5993377716372524,0.5993329805137576,0.2773166489857346,0.037279625015798956,optimal
resdynet_ltv,105,2.1,0.6,0.5993379120184901,0.5993377524735312,0.5993329557105326,0.2773166828341702,0.04215516700060107,optimal
resdynet_ltv,106,2.12,0.6,0.5993379363102973,0.5993372223495813,0.5993330081158597,0.2773168261813318,0.038277999992715195,optimal
resdynet_ltv,107,2.14,0.6,0.5993379578831114,0.599337339411866,0.5993330179648318,0.2773166834654376,0.03773300000466406,optimal
resdynet_ltv,108,2.16,0.6,0.5993379759578935,0.5993376778656668,0.5993329926260509,0.277316762813978,0.0374442909960635,optimal
resdynet_ltv,109,2.18,0.6,0.599337991496602,0.5993380243659325,0.5993330073913602,0.2773168383655317,0.03745900001376867,optimal
resdynet_ltv,110,2.2,0.6,0.5993380058802994,0.5993375599547605,0.599333042568744,0.2773168736455728,0.03717104101087898,optimal
resdynet_ltv,111,2.22,0.6,0.5993380188562067,0.5993382302476312,0.5993330098568125,0.27731685161137054,0.03694958399864845,optimal
resdynet_ltv,112,2.24,0.6,0.5993380308469917,0.5993373864429045,0.5993330474875626,0.27731691623303206,0.03946191701106727,optimal
resdynet_ltv,113,2.2600000000000002,0.6,0.599338041484434,0.599337619575246,0.5993330622641422,0.27731670054454144,0.050876166991656646,optimal
resdynet_ltv,114,2.2800000000000002,0.6,0.5993380495971343,0.5993381253005735,0.5993330617264431,0.2773169848167108,0.037098332977620885,optimal
resdynet_ltv,115,2.3000000000000003,0.6,0.5993380567039198,0.5993380759552529,0.5993330745632804,0.2773169007616369,0.036903000000165775,optimal
resdynet_ltv,116,2.32,0.6,0.5993380637035706,0.5993382910058891,0.5993330770275308,0.27731680846446977,0.03739899999345653,optimal
resdynet_ltv,117,2.34,0.6,0.5993380709010669,0.5993384797148078,0.5993331092117999,0.27731707559817415,0.0373712079890538,optimal
resdynet_ltv,118,2.36,0.6,0.599338079051413,0.5993380667386873,0.5993331042864093,0.2773169515104836,0.037369375000707805,optimal
resdynet_ltv,119,2.38,0.6,0.5993380876379014,0.599337649546344,0.5993331621548323,0.2773168322484058,0.037223833991447464,optimal
resdynet_ltv,120,2.4,0.6,0.599338094982693,0.5993380039024263,0.5993331269771529,0.2773170523185823,0.0414193750184495,optimal
resdynet_ltv,121,2.42,0.6,0.5993381009926163,0.5993378772091384,0.5993331294328608,0.2773169052507546,0.03783912499784492,optimal
resdynet_ltv,122,2.44,0.6,0.5993381061363594,0.5993377444091293,0.5993331318953571,0.27731695705425125,0.03701470798114315,optimal
resdynet_ltv,123,2.46,0.6,0.5993381099190697,0.5993372524327127,0.59933318922385,0.27731684257409944,0.03686108297551982,optimal
resdynet_ltv,124,2.48,0.6,0.5993381111501094,0.599337593473928,0.5993331114827889,0.2773170685007397,0.03687395798624493,optimal
resdynet_ltv,125,2.5,0.6,0.599338109639777,0.5993376247936228,0.5993331638873299,0.27731699708555096,0.03679691700381227,optimal
resdynet_ltv,126,2.52,0.6,0.5993381062272167,0.599337973512151,0.5993331311691058,0.2773172058412809,0.0367277089972049,optimal
resdynet_ltv,127,2.54,0.6,0.5993381017493673,0.599338076732373,0.5993331262446672,0.2773169988167696,0.03990716699627228,optimal
resdynet_ltv,128,2.56,0.6,0.5993380971480866,0.599338097537443,0.599333126245312,0.2773168957487536,0.05161237501306459,optimal
resdynet_ltv,129,2.58,0.6,0.5993380926882474,0.5993381070386754,0.5993331213236022,0.27731703147921644,0.03765274997567758,optimal
resdynet_ltv,130,2.6,0.6,0.5993380884410341,0.5993381062853737,0.5993331213235255,0.2773169219789687,0.03738795800018124,optimal
resdynet_ltv,131,2.62,0.6,0.5993380844317683,0.5993380693942718,0.5993331237843569,0.27731705473145907,0.037436707993038,optimal
resdynet_ltv,132,2.64,0.6,0.5993380805925848,0.5993382362170421,0.5993331213247052,0.2773170395533554,0.037385250005172566,optimal
resdynet_ltv,133,2.66,0.6,0.5993380771891748,0.5993383744725944,0.5993331139409547,0.27731699607714144,0.03675633299280889,optimal
resdynet_ltv,134,2.68,0.6,0.599338074815334,0.5993384363401572,0.5993331114798433,0.27731695136234163,0.03694387499126606,optimal
resdynet_ltv,135,2.7,0.6,0.5993380738312152,0.5993385199079941,0.5993331090192692,0.2773169426122598,0.041417291009565815,optimal
resdynet_ltv,136,2.72,0.6,0.5993380744715029,0.5993384170688555,0.5993331417391278,0.27731691881866993,0.037804916995810345,optimal
resdynet_ltv,137,2.74,0.6,0.5993380766297883,0.5993384250309874,0.599333094253347,0.2773169414749751,0.037327124999137595,optimal
resdynet_ltv,138,2.7600000000000002,0.6,0.5993380800535907,0.5993383955076409,0.5993330917919619,0.2773169504497609,0.03742462498485111,optimal
resdynet_ltv,139,2.7800000000000002,0.6,0.5993380846371209,0.5993381961891103,0.5993331318950295,0.2773168351451114,0.03743345901602879,optimal
resdynet_ltv,140,2.8000000000000003,0.6,0.5993380898662191,0.5993379859629269,0.5993331343563196,0.2773170921151364,0.0373916249955073,optimal
resdynet_ltv,141,2.82,0.6,0.5993380948922764,0.5993377129062523,0.599333136816768,0.27731699759961215,0.037445499998284504,optimal
resdynet_ltv,142,2.84,0.6,0.5993380987555585,0.5993376706597496,0.5993331362821337,0.2773170122855819,0.0402551669976674,optimal
resdynet_ltv,143,2.86,0.6,0.5993381008715767,0.5993376732023944,0.5993331362817265,0.2773170188729901,0.0516845420061145,optimal
resdynet_ltv,144,2.88,0.6,0.5993381012233185,0.5993379798883347,0.5993331114812754,0.2773169723027104,0.03774912498192862,optimal
resdynet_ltv,145,2.9,0.6,0.5993381004886074,0.5993380671391042,0.5993331164010027,0.2773169259300885,0.036795208987314254,optimal
resdynet_ltv,146,2.92,0.6,0.5993380994821225,0.5993380039420335,0.5993331114791121,0.2773168428044203,0.03678712499095127,optimal
resdynet_ltv,147,2.94,0.6,0.5993380982636417,0.5993380385775968,0.5993331139411014,0.27731706192131605,0.03680733300279826,optimal
resdynet_ltv,148,2.96,0.6,0.5993380967915551,0.599338000513082,0.5993331114792784,0.277317052289096,0.03683579197968356,optimal
resdynet_ltv,149,2.98,0.6,0.5993380950739068,0.5993379653963734,0.5993331114795454,0.27731701338534875,0.03690966599970125,optimal
resdynet_ltv,150,3.0,0.6,0.5993380929836704,0.5993379394527131,0.5993331114795865,0.27731696325348365,0.041988875018432736,optimal
resdynet_ltv,151,3.02,0.6,0.5993380904240978,0.5993379258706613,0.5993331164015872,0.27731692927456,0.037858166004298255,optimal
resdynet_ltv,152,3.04,0.6,0.5993380873463209,0.59933794097346,0.5993331164017237,0.2773168408004652,0.03691941700526513,optimal
resdynet_ltv,153,3.06,0.6,0.5993380837860781,0.5993381186835285,0.5993331213245637,0.27731713140586056,0.03679187499801628,optimal
resdynet_ltv,154,3.08,0.6,0.5993380801562564,0.599338137627882,0.5993331188621301,0.27731698096870655,0.036794999992707744,optimal
resdynet_ltv,155,3.1,0.6,0.5993380768571556,0.5993380749083681,0.5993331164013237,0.2773168808687606,0.037330833001760766,optimal
resdynet_ltv,156,3.12,0.6,0.5993380738018784,0.5993380112423077,0.5993331164014728,0.27731702481766674,0.037415375001728535,optimal
resdynet_ltv,157,3.14,0.6,0.5993380707451281,0.5993379530108047,0.5993331139405537,0.27731698935196814,0.0401650829880964,optimal
resdynet_ltv,158,3.16,0.6,0.5993380674601112,0.5993379313783852,0.5993331164016651,0.2773169403574401,0.05198158300481737,optimal
resdynet_ltv,159,3.18,0.6,0.5993380638126095,0.5993381100621457,0.5993331213246678,0.27731698799553844,0.037595000001601875,optimal
resdynet_ltv,160,3.2,0.6,0.599338060141552,0.5993383448344359,0.5993331139414693,0.2773170191070909,0.0373173329862766,optimal
resdynet_ltv,161,3.22,0.6,0.5993380572733072,0.5993383306851593,0.5993331164009718,0.27731689779553226,0.03772595801274292,optimal
resdynet_ltv,162,3.24,0.6,0.5993380556167798,0.5993384273138219,0.5993331114803936,0.2773171232528824,0.039428666001185775,optimal
resdynet_ltv,163,3.2600000000000002,0.6,0.5993380552940475,0.5993384673330289,0.5993331090188452,0.27731705692545083,0.0375765000062529,optimal
resdynet_ltv,164,3.2800000000000002,0.6,0.5993380565211495,0.5993384893055728,0.599333096714037,0.2773169513027068,0.037430291005875915,optimal
resdynet_ltv,165,3.3000000000000003,0.6,0.5993380593537663,0.5993384505327016,0.5993330917918724,0.2773169662317918,0.04230237498995848,optimal
resdynet_ltv,166,3.3200000000000003,0.6,0.5993380636841212,0.599338396379409,0.599333089330999,0.27731695995654765,0.038340832979884,optimal
resdynet_ltv,167,3.34,0.6,0.5993380692541886,0.5993383238959644,0.5993331269739121,0.2773169012689541,0.03775474999565631,optimal
resdynet_ltv,168,3.36,0.6,0.5993380757450939,0.5993382561500251,0.5993331220519955,0.27731680528756836,0.036957041011191905,optimal
resdynet_ltv,169,3.38,0.6,0.5993380828205174,0.5993382873997685,0.599333122052538,0.2773170425977893,0.03687379200709984,optimal
resdynet_ltv,170,3.4,0.6,0.5993380903595718,0.5993382849657996,0.5993331195909843,0.27731703172469274,0.036974291986553,optimal
resdynet_ltv,171,3.42,0.6,0.5993380983705616,0.5993382887602408,0.5993331195911,0.2773169019542267,0.03714733402011916,optimal
resdynet_ltv,172,3.44,0.6,0.5993381068063288,0.5993378963448098,0.5993331646147644,0.27731684299261594,0.0401795840007253,optimal
resdynet_ltv,173,3.46,0.6,0.5993381148503258,0.5993374385638304,0.599333169537335,0.27731682439042943,0.050842750002630055,optimal
resdynet_ltv,174,3.48,0.6,0.599338120819251,0.5993376324446016,0.5993331818458579,0.2773170740372496,0.03716541701578535,optimal
resdynet_ltv,175,3.5,0.6,0.5993381242623768,0.5993376483785396,0.5993331862286415,0.27731703061651974,0.03685454200603999,optimal
resdynet_ltv,176,3.52,0.6,0.5993381256741299,0.599337257859702,0.5993332015287377,0.27731695213491137,0.036802582995733246,optimal
resdynet_ltv,177,3.54,0.6,0.5993381243891774,0.5993375946878748,0.599333171274157,0.2773170565175733,0.0368717499950435,optimal
resdynet_ltv,178,3.56,0.6,0.5993381204225728,0.5993378473960438,0.5993331311674825,0.27731708089576895,0.036786874989047647,optimal
resdynet_ltv,179,3.58,0.6,0.5993381150493313,0.5993381933044284,0.5993331360904908,0.27731708882274897,0.03683316599926911,optimal
