prediction_step,resdynet_H10_seed0,resdynet_H10_mean,resdynet_H10_std,plain_H10_seed0,plain_H10_mean,plain_H10_std
1,92.05990206183311,92.05990206183311,0.0,97.10371073689033,97.10371073689033,0.0
2,91.80680266989518,91.80680266989518,0.0,104.81834751457077,104.81834751457077,0.0
3,102.41169359860716,102.41169359860716,0.0,104.87851071098697,104.87851071098697,0.0
4,103.18303695179256,103.18303695179256,0.0,104.91237767892167,104.91237767892167,0.0
5,105.02711912826105,105.02711912826105,0.0,104.94803517993017,104.94803517993017,0.0
6,106.01760873425212,106.01760873425212,0.0,104.98370835482041,104.98370835482041,0.0
7,106.57699143750699,106.57699143750699,0.0,105.01948491147125,105.01948491147125,0.0
8,106.83597426589259,106.83597426589259,0.0,105.05621721521548,105.05621721521548,0.0
9,106.95180798643256,106.95180798643256,0.0,105.09285018277346,105.09285018277346,0.0
10,107.0080557794477,107.0080557794477,0.0,105.13023159056641,105.13023159056641,0.0
11,107.04349798216272,107.04349798216272,0.0,105.16750806882122,105.16750806882122,0.0
12,107.07518650919455,107.07518650919455,0.0,105.20437160079794,105.20437160079794,0.0
13,107.10995917668954,107.10995917668954,0.0,105.24171076924122,105.24171076924122,0.0
14,107.14722983765239,107.14722983765239,0.0,105.27820103270878,105.27820103270878,0.0
15,107.1878234731168,107.1878234731168,0.0,105.31529222329812,105.31529222329812,0.0
16,107.22922740243364,107.22922740243364,0.0,105.35199555824623,105.35199555824623,0.0
17,107.27264153282742,107.27264153282742,0.0,105.39004663912159,105.39004663912159,0.0
18,107.31564944955532,107.31564944955532,0.0,105.42775721572629,105.42775721572629,0.0
19,107.35777360440497,107.35777360440497,0.0,105.46482124278232,105.46482124278232,0.0
20,107.39824930254547,107.39824930254547,0.0,105.50081717068828,105.50081717068828,0.0
21,107.43816433543695,107.43816433543695,0.0,105.5363972168256,105.5363972168256,0.0
22,107.46630364712898,107.46630364712898,0.0,105.557670915819,105.557670915819,0.0
23,107.49358617856575,107.49358617856575,0.0,105.578195428334,105.578195428334,0.0
24,107.51986697364423,107.51986697364423,0.0,105.59728804425347,105.59728804425347,0.0
25,107.5428155047796,107.5428155047796,0.0,105.61268909225322,105.61268909225322,0.0
26,107.56481475299931,107.56481475299931,0.0,105.62663915837739,105.62663915837739,0.0
27,107.58485896669875,107.58485896669875,0.0,105.63796917894037,105.63796917894037,0.0
28,107.60169087343786,107.60169087343786,0.0,105.64492575805026,105.64492575805026,0.0
29,107.61704093176989,107.61704093176989,0.0,105.64971426729215,105.64971426729215,0.0
30,107.629165803019,107.629165803019,0.0,105.65036275069701,105.65036275069701,0.0
31,107.64005315674969,107.64005315674969,0.0,105.64846257818272,105.64846257818272,0.0
32,107.6472921528479,107.6472921528479,0.0,105.64169372881352,105.64169372881352,0.0
33,107.65322843618299,107.65322843618299,0.0,105.63276912880788,105.63276912880788,0.0
34,107.65691259654274,107.65691259654274,0.0,105.6201872213309,105.6201872213309,0.0
35,107.65688456191612,107.65688456191612,0.0,105.6025657452706,105.6025657452706,0.0
36,107.65506824195239,107.65506824195239,0.0,105.5820962085791,105.5820962085791,0.0
37,107.64958625819794,107.64958625819794,0.0,105.5564859853796,105.5564859853796,0.0
38,107.64058390016439,107.64058390016439,0.0,105.52611572477488,105.52611572477488,0.0
39,107.62922644846039,107.62922644846039,0.0,105.49309779695722,105.49309779695722,0.0
40,107.61305827733977,107.61305827733977,0.0,105.45464898761426,105.45464898761426,0.0
41,107.5920161696406,107.5920161696406,0.0,105.41052374381002,105.41052374381002,0.0
42,107.5643259552412,107.5643259552412,0.0,105.35962474528866,105.35962474528866,0.0
43,107.53260664808761,107.53260664808761,0.0,105.30556986005723,105.30556986005723,0.0
44,107.49622019994695,107.49622019994695,0.0,105.24830680366676,105.24830680366676,0.0
45,107.45462310814622,107.45462310814622,0.0,105.18758822717155,105.18758822717155,0.0
46,107.4086605829865,107.4086605829865,0.0,105.12483122692011,105.12483122692011,0.0
47,107.35829397554672,107.35829397554672,0.0,105.06046478894143,105.06046478894143,0.0
48,107.3056525970319,107.3056525970319,0.0,104.99694403450108,104.99694403450108,0.0
49,107.25014112884134,107.25014112884134,0.0,104.93381307524565,104.93381307524565,0.0
50,107.1911164739147,107.1911164739147,0.0,104.87054184726331,104.87054184726331,0.0
51,107.13208994853221,107.13208994853221,0.0,104.81054104690269,104.81054104690269,0.0
52,107.07459021529327,107.07459021529327,0.0,104.75504986635816,104.75504986635816,0.0
53,107.01776920606979,107.01776920606979,0.0,104.70305321927133,104.70305321927133,0.0
54,106.96197199726484,106.96197199726484,0.0,104.65466653043234,104.65466653043234,0.0
55,106.90750716786245,106.90750716786245,0.0,104.60991918668603,104.60991918668603,0.0
56,106.85409396804825,106.85409396804825,0.0,104.56846275861754,104.56846275861754,0.0
57,106.80362164223341,106.80362164223341,0.0,104.53161810890673,104.53161810890673,0.0
58,106.75475457332738,106.75475457332738,0.0,104.49812294611341,104.49812294611341,0.0
59,106.70798559461026,106.70798559461026,0.0,104.468266771815,104.468266771815,0.0
60,106.66211889214165,106.66211889214165,0.0,104.44093176080709,104.44093176080709,0.0
61,106.61809195079945,106.61809195079945,0.0,104.4166217065049,104.4166217065049,0.0
62,106.5753637001433,106.5753637001433,0.0,104.39474797666176,104.39474797666176,0.0
63,106.5343253673416,106.5343253673416,0.0,104.37535577550679,104.37535577550679,0.0
64,106.49439420739553,106.49439420739553,0.0,104.35789860817549,104.35789860817549,0.0
65,106.45608408104334,106.45608408104334,0.0,104.34242343579545,104.34242343579545,0.0
66,106.41960513872674,106.41960513872674,0.0,104.32897798270506,104.32897798270506,0.0
67,106.38469294063137,106.38469294063137,0.0,104.31708919640022,104.31708919640022,0.0
68,106.35215364106679,106.35215364106679,0.0,104.30708290360997,104.30708290360997,0.0
69,106.32119785592714,106.32119785592714,0.0,104.29844256775242,104.29844256775242,0.0
70,106.29122447533369,106.29122447533369,0.0,104.29060021195599,104.29060021195599,0.0
71,106.26182220470788,106.26182220470788,0.0,104.28341145335118,104.28341145335118,0.0
72,106.234219169754,106.234219169754,0.0,104.2774948906372,104.2774948906372,0.0
73,106.20860254347626,106.20860254347626,0.0,104.27284363035939,104.27284363035939,0.0
74,106.18490900228215,106.18490900228215,0.0,104.26924577415522,104.26924577415522,0.0
75,106.16356565160355,106.16356565160355,0.0,104.26691861652894,104.26691861652894,0.0
76,106.14296740651206,106.14296740651206,0.0,104.26456557798235,104.26456557798235,0.0
77,106.12410112498777,106.12410112498777,0.0,104.26219792366287,104.26219792366287,0.0
78,106.10719545719853,106.10719545719853,0.0,104.25995271365842,104.25995271365842,0.0
79,106.09172078797918,106.09172078797918,0.0,104.2570181641634,104.2570181641634,0.0
80,106.07687247494573,106.07687247494573,0.0,104.25229013563039,104.25229013563039,0.0
81,106.06300017408385,106.06300017408385,0.0,104.24582842617014,104.24582842617014,0.0
82,106.05088781600372,106.05088781600372,0.0,104.23816855583372,104.23816855583372,0.0
83,106.04059136803808,106.04059136803808,0.0,104.2292997778221,104.2292997778221,0.0
84,106.0327399370382,106.0327399370382,0.0,104.22007059706084,104.22007059706084,0.0
85,106.02729887652414,106.02729887652414,0.0,104.21073284507193,104.21073284507193,0.0
86,106.02137036030844,106.02137036030844,0.0,104.19861398188763,104.19861398188763,0.0
87,106.01762169178332,106.01762169178332,0.0,104.18681773151528,104.18681773151528,0.0
88,106.01270356442076,106.01270356442076,0.0,104.17194203852276,104.17194203852276,0.0
89,106.00928980831088,106.00928980831088,0.0,104.15740880726295,104.15740880726295,0.0
90,106.00597284567799,106.00597284567799,0.0,104.14162962315564,104.14162962315564,0.0
91,106.0029084004414,106.0029084004414,0.0,104.12538966089053,104.12538966089053,0.0
92,105.99962721824745,105.99962721824745,0.0,104.10834925479996,104.10834925479996,0.0
93,105.99531305671023,105.99531305671023,0.0,104.0897940331327,104.0897940331327,0.0
94,105.99124181484792,105.99124181484792,0.0,104.07185104135041,104.07185104135041,0.0
95,105.98648769348618,105.98648769348618,0.0,104.05360978486272,104.05360978486272,0.0
96,105.98111860429383,105.98111860429383,0.0,104.03493165138202,104.03493165138202,0.0
97,105.97601046698428,105.97601046698428,0.0,104.01715746762707,104.01715746762707,0.0
98,105.97036488126238,105.97036488126238,0.0,103.99918592159891,103.99918592159891,0.0
99,105.96320949368891,105.96320949368891,0.0,103.97943582416956,103.97943582416956,0.0
100,105.95592137782106,105.95592137782106,0.0,103.95970255654838,103.95970255654838,0.0
