seed,model,epoch,train_loss,val_loss,val_rmse,val_nrmse,val_nrmse_percent,wall_time_sec,comparison
0,ResDyNet,0,1.0287953267518528,0.9961718450307695,0.9980840871543687,1.012603536549959,101.26035365499591,0.11306187501759268,A_same_width
0,Plain,0,1.0469322228329865,1.0007847141105144,1.0003922801134135,1.0149453075324344,101.49453075324344,0.220936208992498,A_same_width
0,ResDyNet,1,0.1682996536593302,0.009286161292976835,0.09636473054482556,0.09776657919332414,9.776657919332415,2.3436214170069434,A_same_width
0,Plain,1,0.47428368480764027,0.05129458459593589,0.2264830779460927,0.2297777999354708,22.977779993547077,2.4524727090029046,A_same_width
0,ResDyNet,2,0.007658383828330631,0.005097105679850396,0.0713940171152345,0.07243260878500855,7.243260878500855,4.5574395839939825,A_same_width
0,Plain,2,0.07123445172288294,0.044434510471906004,0.21079494887664177,0.21386145061978307,21.386145061978308,4.6653662500029895,A_same_width
0,ResDyNet,3,0.0024481195812912117,0.0030580787504774468,0.05529989828632099,0.05610436364658812,5.6104363646588125,6.766118875006214,A_same_width
0,Plain,3,0.057771005140729,0.06263036650775071,0.2502605971937067,0.2539012183832741,25.390121838327413,6.873668292013463,A_same_width
0,ResDyNet,4,0.0016590945370860565,0.002654167489391319,0.05151861303831188,0.05226807082906121,5.226807082906121,8.970871041994542,A_same_width
0,Plain,4,0.049680923616753275,0.04001468010376183,0.20003669689274975,0.2029466948930947,20.29466948930947,9.07792958401842,A_same_width
0,ResDyNet,5,0.0011824928810398798,0.0011044629327232483,0.03323346104039193,0.0337169188592537,3.37169188592537,11.262664500012761,A_same_width
0,Plain,5,0.04522510856675056,0.04504112023653343,0.2122289335517978,0.2153162959300228,21.53162959300228,11.370625084004132,A_same_width
0,ResDyNet,6,0.0008372749277251964,0.007670360286627431,0.08758059309360397,0.08885465607669779,8.88546560766978,13.474892875005025,A_same_width
0,Plain,6,0.05259692615252497,0.03133382644969047,0.17701363351360955,0.17958870762530904,17.958870762530903,13.581773917016108,A_same_width
0,ResDyNet,7,0.0011655385266244435,0.0006204656365478267,0.024909147647959103,0.025271509009508288,2.527150900950829,15.688078959006816,A_same_width
0,Plain,7,0.04429160972271232,0.040492147219954706,0.2012266066402619,0.20415391463942026,20.415391463942026,15.795100459014066,A_same_width
0,ResDyNet,8,0.0005312600258268448,0.0011347424629908826,0.033685938653849064,0.03417597880970607,3.417597880970607,17.891609834012343,A_same_width
0,Plain,8,0.040228863331642974,0.04870896425747966,0.22070107443662268,0.2239116837661143,22.391168376611432,17.99792045901995,A_same_width
0,ResDyNet,9,0.0007073827960745667,0.0006040680559006181,0.02457779599355113,0.024935337076287895,2.4935337076287896,20.092510250018677,A_same_width
0,Plain,9,0.03296965417496399,0.028237348554252525,0.16803972314382254,0.1704842509025928,17.048425090259283,20.200167000002693,A_same_width
0,ResDyNet,10,0.00042949088567517115,0.0003647401475926664,0.01909817131540783,0.0193759985401189,1.93759985401189,22.30282937499578,A_same_width
0,Plain,10,0.024467401285540535,0.02646454826175908,0.16267928037017831,0.16504582804832052,16.50458280483205,22.410625209013233,A_same_width
0,ResDyNet,11,0.0005042104045056639,0.00033385370801593755,0.018271664073530293,0.0185374678322549,1.85374678322549,24.523346292000497,A_same_width
0,Plain,11,0.023738133183475937,0.026599403012019726,0.16309323410865245,0.16546580370462227,16.546580370462227,24.6306735840044,A_same_width
0,ResDyNet,12,0.0004630098808206463,0.0003788687958684005,0.019464552290468957,0.019747709376757194,1.9747709376757194,26.791184375004377,A_same_width
0,Plain,12,0.02346699468063346,0.02262235205396646,0.15040728723691038,0.15259531029415663,15.259531029415662,26.89659112499794,A_same_width
0,ResDyNet,13,0.0004895203066341069,0.0025631257009526313,0.05062732168456704,0.05136381357407219,5.136381357407219,29.037615709006786,A_same_width
0,Plain,13,0.0228706197613186,0.02598101714589515,0.1611862808861075,0.16353110942180912,16.353110942180912,29.14411737502087,A_same_width
0,ResDyNet,14,0.0005667708723711134,0.0009907480047077015,0.03147614977578581,0.0319340434239458,3.19340434239458,31.245991417003097,A_same_width
0,Plain,14,0.021731089209515785,0.02432400509831741,0.15596155006384557,0.1582303727642115,15.82303727642115,31.352261334017385,A_same_width
0,ResDyNet,15,0.0005017585797405952,0.00022101914628181745,0.014866712692516037,0.015082983531211796,1.5082983531211795,33.70481166700483,A_same_width
0,Plain,15,0.01995524935668721,0.012991971760036965,0.11398233091158018,0.11564046844424095,11.564046844424094,33.81433291701251,A_same_width
0,ResDyNet,16,0.00029595238093825375,0.00020260850084728068,0.014234061291398203,0.014441128747210895,1.4441128747210894,36.0102918750199,A_same_width
0,Plain,16,0.013557686605907854,0.014773450669377356,0.12154608454975978,0.12331425443300473,12.331425443300473,36.12094774999423,A_same_width
0,ResDyNet,17,0.00037446401566171024,0.0008918822061637058,0.029864396966349505,0.030298843929349395,3.0298843929349397,38.362495917011984,A_same_width
0,Plain,17,0.012895150015679755,0.019013515301340742,0.13788950395639524,0.13989542680462544,13.989542680462543,38.46938316701562,A_same_width
0,ResDyNet,18,0.00046742002255290623,0.0034238596631251594,0.058513756187115185,0.05936497456925269,5.936497456925268,40.6225297920173,A_same_width
0,Plain,18,0.012627213220555452,0.015685789900813128,0.12524292355583658,0.12706487254202806,12.706487254202806,40.729619209014345,A_same_width
0,ResDyNet,19,0.0006947098641791212,0.0004150235071747422,0.020372125740205468,0.020668485588611476,2.0668485588611474,42.89195499999914,A_same_width
0,Plain,19,0.011950380189891483,0.00867966575286177,0.09316472375777095,0.0945200208809941,9.452002088099409,42.99897400001646,A_same_width
0,ResDyNet,20,0.00026062496086365767,0.0003029325604587213,0.017404957927519428,0.017658153433903562,1.765815343390356,45.21318533399608,A_same_width
0,Plain,20,0.011060753625831903,0.011424731642390776,0.10688653630083995,0.10844144903300733,10.844144903300732,45.32081875001313,A_same_width
0,ResDyNet,21,0.0003542195268329768,0.0002470321103122908,0.015717255177424935,0.015945899130497907,1.5945899130497907,47.50213237499702,A_same_width
0,Plain,21,0.010814632694949786,0.009311500101794701,0.09649611443884515,0.09789987437099724,9.789987437099725,47.61177254200447,A_same_width
0,ResDyNet,22,0.00023195558018285632,0.0005750434529987996,0.02398006365710482,0.024328909335794135,2.4328909335794133,49.773416542011546,A_same_width
0,Plain,22,0.01009419155797489,0.015906401530750142,0.12612058329531362,0.12795529987928358,12.795529987928358,49.88126416699379,A_same_width
0,ResDyNet,23,0.0003266847642433717,0.000772403714089262,0.027792152023354756,0.028196453374404393,2.819645337440439,52.04344308399595,A_same_width
0,Plain,23,0.037236911671342306,0.019861035331337228,0.1409291855200236,0.14297932759107262,14.297932759107262,52.15079916699324,A_same_width
0,ResDyNet,24,0.0005055252526366614,0.0003838119332892957,0.019591118735010914,0.019876117023969707,1.9876117023969706,54.29829816700658,A_same_width
0,Plain,24,0.02351844340494197,0.013780440179217186,0.11739011959793373,0.11909783132581431,11.909783132581431,54.40535741701024,A_same_width
0,ResDyNet,25,0.00020844746267874954,0.0002069376261596021,0.014385326765826423,0.014594594729020735,1.4594594729020736,56.55838070900063,A_same_width
0,Plain,25,0.029787719235387117,0.006968494421467742,0.08347750847664143,0.08469188257156586,8.469188257156587,56.66586233401904,A_same_width
0,ResDyNet,26,0.0001701926790533036,0.0001584126305920844,0.012586207951249033,0.0127693035559005,1.27693035559005,58.85007283400046,A_same_width
0,Plain,26,0.010469162992413886,0.012226457240092872,0.11057331160860143,0.11218185704386757,11.218185704386757,58.95925200000056,A_same_width
0,ResDyNet,27,0.0003281521614710719,0.002298429911430581,0.047941943133654706,0.04863936995992542,4.863936995992542,61.119643834012095,A_same_width
0,Plain,27,0.008352829647658362,0.010764332683855923,0.10375130208270122,0.10526060555693185,10.526060555693185,61.23730129201431,A_same_width
0,ResDyNet,28,0.0005504032044715294,0.0008575172267591266,0.029283395068863287,0.029709390010878307,2.9709390010878307,63.49277045900817,A_same_width
0,Plain,28,0.017335695417945877,0.0047402044539448475,0.06884914272483608,0.06985071329047163,6.985071329047162,63.599089833995095,A_same_width
0,ResDyNet,29,0.00042674211586143457,0.000671588003617546,0.025915015022522095,0.026292009059445638,2.629200905944564,65.70868125002016,A_same_width
0,Plain,29,0.01664410842291597,0.04126038964232639,0.2031265360368418,0.20608148291841885,20.608148291841886,65.81499495901517,A_same_width
0,ResDyNet,30,0.00019457183278320822,0.00022421933185537622,0.014973955117315408,0.01519178604596749,1.519178604596749,67.92020641700947,A_same_width
0,Plain,30,0.01030049970664609,0.006899954332184134,0.08306596374077733,0.08427435096240792,8.427435096240792,68.02652883401606,A_same_width
0,ResDyNet,31,0.00015095934018655822,0.00038324569329756166,0.019576661954928926,0.019861449936470214,1.9861449936470215,70.12421958401683,A_same_width
0,Plain,31,0.020452296805029604,0.039908161611978146,0.19977027209266685,0.20267639432597742,20.267639432597743,70.23556495900266,A_same_width
0,ResDyNet,32,0.00020368144877341222,0.0001401690640964286,0.011839301672667547,0.01201153179208116,1.201153179208116,72.44172975001857,A_same_width
0,Plain,32,0.016786784906289348,0.010202647558094344,0.1010081558988894,0.10247755394559825,10.247755394559825,72.55041420899215,A_same_width
0,ResDyNet,33,0.00020132307885800882,0.0003598547936607059,0.01896983905205065,0.019245799386158394,1.9245799386158395,74.65897245900123,A_same_width
0,Plain,33,0.0077364512330692714,0.009601300050597585,0.09798622377965988,0.0994116608104115,9.94116608104115,74.76530587501475,A_same_width
0,ResDyNet,34,0.0002468999150588197,0.00035404596506045444,0.018816109190277742,0.0190898331667706,1.9089833166770602,77.03439287500805,A_same_width
0,Plain,34,0.0070287788099578745,0.007847965941225518,0.08858874613191858,0.08987747504067059,8.987747504067059,77.1408586250036,A_same_width
0,ResDyNet,35,0.00032816938323446425,0.00032740069649430693,0.01809421721142716,0.018357439593724798,1.8357439593724798,79.27171862500836,A_same_width
0,Plain,35,0.007490446614192442,0.008031118853152185,0.0896165099362399,0.09092019005475421,9.092019005475422,79.37832004201482,A_same_width
0,ResDyNet,36,0.0003169194142128451,0.0044620128390815824,0.06679829967208434,0.06777003596593259,6.777003596593259,81.52837129202089,A_same_width
0,Plain,36,0.007117152535664919,0.006680143190229061,0.08173214294406492,0.08292112664668352,8.292112664668352,81.63482129201293,A_same_width
0,ResDyNet,37,0.0006146809707348061,0.0002778286415374818,0.016668192509611886,0.01691067005311152,1.691067005311152,83.95411141699878,A_same_width
0,Plain,37,0.02727640900188142,0.009746441188678553,0.09872406590431004,0.10016023656114455,10.016023656114454,84.06059700000333,A_same_width
0,ResDyNet,38,0.00013972261963704217,0.00018265212220896032,0.013514885208871008,0.013711490579503539,1.3711490579503538,86.20144741699914,A_same_width
0,Plain,38,0.012078735500949562,0.005017898531236543,0.07083712678558148,0.07186761719308278,7.1867617193082785,86.30731141701108,A_same_width
0,ResDyNet,39,0.00013645395888285984,0.00016514975546014156,0.012851060479981469,0.013038008979331607,1.3038008979331608,88.4477582090185,A_same_width
0,Plain,39,0.006581151688877836,0.010710887323647365,0.10349341681308703,0.10499896874757243,10.499896874757244,88.55407795900828,A_same_width
0,ResDyNet,40,0.0001566075028723191,0.00015818446719157383,0.012577140660403455,0.012760104360266256,1.2760104360266256,90.69024458399508,A_same_width
0,Plain,40,0.012706248878622652,0.04973570080654379,0.2230150237238375,0.22625929481591214,22.625929481591214,90.79929933400126,A_same_width
0,ResDyNet,41,0.00021180277533810581,0.0007513144265518476,0.02741011540566452,0.02780885914748142,2.780885914748142,93.02075404199422,A_same_width
0,Plain,41,0.020504829128061487,0.016381135397696336,0.12798880965809603,0.1298507039302819,12.98507039302819,93.13511929201195,A_same_width
0,ResDyNet,42,0.00024056266247136004,0.00017666293632455306,0.013291461030471895,0.013484816177908036,1.3484816177908037,95.60181866699713,A_same_width
0,Plain,42,0.007822966109395086,0.0067841724633583705,0.08236608806637821,0.08356429397205713,8.356429397205712,95.72196466699825,A_same_width
0,ResDyNet,43,0.00017449220149394202,0.000515247255405433,0.022699058469580473,0.023029268954867618,2.302926895486762,97.98385304200929,A_same_width
0,Plain,43,0.0066073208082895055,0.0057116581077235815,0.07557551261965467,0.07667493384593173,7.667493384593173,98.0939852920128,A_same_width
0,ResDyNet,44,0.0006742028167700123,0.00013697037720999172,0.011703434419433967,0.011873688034329342,1.1873688034329342,100.73462945900974,A_same_width
0,Plain,44,0.013506152091984563,0.05306753313824723,0.23036391457484665,0.23371509233961374,23.371509233961373,100.85629837500164,A_same_width
0,ResDyNet,45,0.000134688930332233,0.0010010625526113497,0.03163957257314564,0.032099843585163934,3.2099843585163934,103.19791820901446,A_same_width
0,Plain,45,0.026118987903505517,0.05619031620735376,0.23704496663577096,0.24049333580811222,24.049333580811222,103.31251045901445,A_same_width
0,ResDyNet,46,0.00019292288689752335,0.0003371946510119262,0.01836286064348162,0.018629991067964657,1.8629991067964657,105.59963091701502,A_same_width
0,Plain,46,0.02098393924331096,0.006588384420474066,0.08116886361452935,0.08234965311204437,8.234965311204437,105.75573579201591,A_same_width
0,ResDyNet,47,0.00011561160216196206,0.00011617477213038796,0.010778440152934374,0.010935237579502027,1.0935237579502026,108.02763470899663,A_same_width
0,Plain,47,0.010097221063415027,0.03951815532508668,0.19879173857352997,0.2016836257658296,20.16836257658296,108.13902000000235,A_same_width
0,ResDyNet,48,0.0001617731374976696,0.00014893087027367672,0.012203723623291241,0.012381255105725087,1.2381255105725086,110.35271937501966,A_same_width
0,Plain,48,0.013572285092778268,0.004194371423219343,0.06476396701267877,0.06570610921672819,6.570610921672819,110.46286904200679,A_same_width
0,ResDyNet,49,0.0001544248248373051,0.0005130856699928634,0.022651394438154646,0.022980911539486285,2.2980911539486284,112.71341204200871,A_same_width
0,Plain,49,0.019416160538205576,0.00915021413082463,0.09565675162174717,0.09704830107373608,9.704830107373608,112.82345250001526,A_same_width
0,ResDyNet,50,0.0003347894443474273,0.0001833950515324401,0.01354234291149209,0.013739347718132927,1.3739347718132926,115.04364004201489,A_same_width
0,Plain,50,0.017430175510349744,0.017402958978813766,0.13192027508618137,0.13383936164714155,13.383936164714155,115.15619599999627,A_same_width
1,ResDyNet,0,1.3018558324927545,1.2846205848009666,1.1334110396502086,1.1498991336358804,114.98991336358803,0.13287724999827333,A_same_width
1,Plain,0,1.0302853031064239,0.9976656373066582,0.9988321367009865,1.0133624682133016,101.33624682133015,0.25996645897976123,A_same_width
1,ResDyNet,1,0.1587854445970362,0.008960865284807273,0.09466184703885339,0.09603892329471515,9.603892329471515,2.5138091249973513,A_same_width
1,Plain,1,0.4447913964985263,0.059238941932548396,0.24339051323448987,0.2469311931088183,24.69311931088183,2.6286782920069527,A_same_width
1,ResDyNet,2,0.004735640177658046,0.0022508148495011915,0.04744275339291757,0.04813291834589252,4.813291834589252,4.8561682919971645,A_same_width
1,Plain,2,0.07223661482889912,0.05817948055619061,0.24120422997159613,0.2447131052819519,24.47131052819519,4.972726249980042,A_same_width
1,ResDyNet,3,0.0019385121125255252,0.002229579850579001,0.04721842702355725,0.04790532862887448,4.7905328628874475,7.240174334001495,A_same_width
1,Plain,3,0.09972545393553776,0.062179864267967136,0.2493589065342707,0.25298641054055804,25.298641054055803,7.3595407090033405,A_same_width
1,ResDyNet,4,0.0013084895947234267,0.0016648734757752737,0.04080286112241731,0.04139643343249323,4.139643343249324,9.6578359589912,A_same_width
1,Plain,4,0.059032727610908386,0.06182969558286444,0.24865577729637497,0.25227305265607874,25.227305265607875,9.77857679198496,A_same_width
1,ResDyNet,5,0.0034345479239494517,0.00257349340408497,0.05072961072278172,0.05146759064373953,5.146759064373953,12.129752666980494,A_same_width
1,Plain,5,0.034600918347334315,0.02865559023054592,0.16927962142722885,0.17174218638408023,17.17421863840802,12.251529959001346,A_same_width
1,ResDyNet,6,0.0010533640406734973,0.003025583811108629,0.05500530711766483,0.055805486965698335,5.580548696569833,15.38008937498671,A_same_width
1,Plain,6,0.055725923831512175,0.07156293779168266,0.26751250025313333,0.2714040904108196,27.14040904108196,15.526286084001185,A_same_width
1,ResDyNet,7,0.0009221006077761998,0.0006050329834997086,0.02459741822833666,0.024955244762017555,2.4955244762017554,18.032469458994456,A_same_width
1,Plain,7,0.05542905150314114,0.041896167015179356,0.20468553201235146,0.2076631581085014,20.766315810850138,18.15741824998986,A_same_width
1,ResDyNet,8,0.0006978135728755607,0.0011186787318009327,0.03344665501662211,0.03393321423664753,3.3933214236647533,20.567896166990977,A_same_width
1,Plain,8,0.04055577673202839,0.027811598573681595,0.16676809818931673,0.16919412721194368,16.91941272119437,20.693708709004568,A_same_width
1,ResDyNet,9,0.0007073643955800581,0.005244618723880546,0.0724197398771947,0.07347325306503306,7.347325306503307,23.12709550000727,A_same_width
1,Plain,9,0.03872944868975864,0.03852897787534567,0.19628799727784085,0.199143461742326,19.9143461742326,23.255469875002746,A_same_width
1,ResDyNet,10,0.0008716395908504927,0.0010925810808569015,0.03305421426772843,0.033535064526286906,3.3535064526286904,25.784566416987218,A_same_width
1,Plain,10,0.03733096058046702,0.053263440068530565,0.23078873470889036,0.2341460924684273,23.41460924684273,25.91302354200161,A_same_width
1,ResDyNet,11,0.000790661396262879,0.0006686634045462869,0.025858526728069545,0.026234699011652558,2.623469901165256,28.318624374980573,A_same_width
1,Plain,11,0.027565324207164534,0.025293171991561857,0.15903827209688193,0.16135185285965753,16.135185285965754,28.44360295898514,A_same_width
1,ResDyNet,12,0.0004972770143189265,0.000994549719661571,0.03153648236030091,0.031995253685922195,3.1995253685922194,30.881308374984656,A_same_width
1,Plain,12,0.02060411240340793,0.016296506515304326,0.12765777107291323,0.12951484962060514,12.951484962060514,31.009215124999173,A_same_width
1,ResDyNet,13,0.000583590407873767,0.0012960210916524396,0.03600029293842536,0.03652400074849192,3.6524000748491923,33.43364458400174,A_same_width
1,Plain,13,0.014722539850284174,0.014376517509862305,0.11990211636940487,0.12164637092015447,12.164637092015447,33.5616327500029,A_same_width
1,ResDyNet,14,0.0006761782502121898,0.0011544605991175504,0.033977354210084555,0.03447163368152259,3.447163368152259,35.973940166994,A_same_width
1,Plain,14,0.04004219962813577,0.011983103720248241,0.10946736372201644,0.11105982057859458,11.105982057859459,36.09824799999478,A_same_width
1,ResDyNet,15,0.000508050814937618,0.00047513214331536664,0.02179752608245639,0.022114621686901526,2.2114621686901526,38.553254708996974,A_same_width
1,Plain,15,0.010124408004801817,0.007761486759514209,0.08809930056200337,0.08938090934903843,8.938090934903844,38.707059541979106,A_same_width
1,ResDyNet,16,0.0003132742542656552,0.0017925993653125976,0.04233909972250942,0.04295502018831758,4.295502018831758,41.35156145898509,A_same_width
1,Plain,16,0.009010774689353998,0.014858775891593803,0.12189657867058373,0.12366984730424085,12.366984730424086,41.47983520900016,A_same_width
1,ResDyNet,17,0.0004958550046495889,0.0004936986826166098,0.022219331281940282,0.022542563021935042,2.2542563021935043,43.96848654199857,A_same_width
1,Plain,17,0.009139805514697556,0.01232578714810922,0.11102156163605889,0.11263662790827055,11.263662790827054,44.09657320898259,A_same_width
1,ResDyNet,18,0.0003482154853959927,0.0005810963822584444,0.024105940808407465,0.02445661766239746,2.445661766239746,46.62222820898751,A_same_width
1,Plain,18,0.03756091613143078,0.040185398426457006,0.20046296023569293,0.20337915922563055,20.337915922563056,46.75221849998343,A_same_width
1,ResDyNet,19,0.0009272319698534811,0.001157305739096141,0.03401919662626002,0.034514084792748964,3.4514084792748965,49.294615374994464,A_same_width
1,Plain,19,0.01843792153058834,0.013160482763634067,0.1147191473278723,0.11638800356530744,11.638800356530744,49.42262120899977,A_same_width
1,ResDyNet,20,0.0003782977073794551,0.0003083822454305503,0.017560815625435804,0.017816278443749802,1.7816278443749802,52.37474566698074,A_same_width
1,Plain,20,0.011672885116433423,0.010846069694666803,0.10414446550185374,0.1056594884504674,10.565948845046739,52.52371520898305,A_same_width
1,ResDyNet,21,0.0003434569419844519,0.0006268225230633376,0.025036423927217274,0.02540063681763034,2.540063681763034,55.76633883398608,A_same_width
1,Plain,21,0.00720430432331399,0.00550891715315982,0.0742220799571113,0.07530181236427277,7.5301812364272775,55.994667708990164,A_same_width
1,ResDyNet,22,0.0005111006910713168,0.0003310732658403263,0.0181954188146447,0.018460113409129248,1.8460113409129248,59.20487841698923,A_same_width
1,Plain,22,0.008925866462001528,0.005018564810360782,0.07084182952437622,0.07187238834412737,7.187238834412738,59.33848604199011,A_same_width
1,ResDyNet,23,0.000328953045409035,0.0006337264859519345,0.02517392472285429,0.02554013788145097,2.554013788145097,61.9711996249971,A_same_width
1,Plain,23,0.016930529268703236,0.004901161611372102,0.07000829673240239,0.07102672988323608,7.102672988323608,62.09883412500494,A_same_width
1,ResDyNet,24,0.00044314739233742006,0.0005949807938535784,0.02439222814450493,0.0247470697122125,2.47470697122125,64.68127679199097,A_same_width
1,Plain,24,0.02751433939807501,0.02297186834433411,0.15156473318135097,0.15376959397605314,15.376959397605313,64.80886033398565,A_same_width
1,ResDyNet,25,0.0002861260882544086,0.00016182029268184815,0.012720860532285074,0.012905914971228663,1.2905914971228662,67.44247145898407,A_same_width
1,Plain,25,0.017053466417079343,0.029964028005968257,0.17310120740759802,0.17561936620164909,17.561936620164907,67.5740780000051,A_same_width
1,ResDyNet,26,0.00020476430277518447,0.0003451470919997591,0.018578134782581354,0.018848396869024606,1.8848396869024606,70.24928204200114,A_same_width
1,Plain,26,0.0178607944018045,0.01898518424295971,0.13778673464074728,0.13979116247077494,13.979116247077494,70.38729587499984,A_same_width
1,ResDyNet,27,0.00029092788299853243,0.00039063710621016994,0.019764541639263226,0.02005206276684327,2.005206276684327,73.08782054198673,A_same_width
1,Plain,27,0.00958626414796302,0.00694900178320798,0.08336067288120928,0.08457334733124676,8.457334733124675,73.22521570898243,A_same_width
1,ResDyNet,28,0.0003592568084116674,0.000321066443225795,0.01791832702084084,0.01817899067211144,1.817899067211144,75.91851587500423,A_same_width
1,Plain,28,0.00666393450064278,0.005782538362346868,0.0760430033753722,0.0771492253396411,7.71492253396411,76.05588816700038,A_same_width
1,ResDyNet,29,0.00048493314159506337,0.00016426318503551027,0.012816520004880821,0.01300296603285928,1.300296603285928,78.6226093339792,A_same_width
1,Plain,29,0.005863401699526304,0.006940736877790756,0.08331108496347144,0.08452303804216206,8.452303804216205,78.75117012500414,A_same_width
1,ResDyNet,30,0.0003006376107904611,0.002218365358658413,0.04709952609802367,0.047784698013434414,4.778469801343442,81.29997945899959,A_same_width
1,Plain,30,0.005914783074435371,0.005652697769234332,0.07518442504424924,0.07627815699410818,7.627815699410818,81.42838629198377,A_same_width
1,ResDyNet,31,0.0006013204322226433,0.0005740058850584205,0.023958419919903322,0.024306950740204374,2.4306950740204374,84.12819658400258,A_same_width
1,Plain,31,0.005456254140739432,0.014535060430043543,0.12056143840400853,0.12231528432390229,12.23152843239023,84.28390962499543,A_same_width
1,ResDyNet,32,0.0002289363783281193,0.00031896531685267815,0.017859600131376913,0.01811940946374722,1.811940946374722,86.96702187499614,A_same_width
1,Plain,32,0.018999576189867102,0.00646444666320431,0.08040178271160604,0.08157141323715099,8.157141323715098,87.10382424999261,A_same_width
1,ResDyNet,33,0.000175881877124434,0.000334641962061315,0.018293221751821492,0.018559339117007783,1.8559339117007783,89.7955404999957,A_same_width
1,Plain,33,0.01095013301840203,0.0034252577377908867,0.05852570151472672,0.05937709366937698,5.937709366937698,89.9333252919896,A_same_width
1,ResDyNet,34,0.0002866533129028483,0.0002950571429998198,0.017177227453806964,0.01742711009193535,1.7427110091935352,92.59316504199523,A_same_width
1,Plain,34,0.005884694440268438,0.02430917182382928,0.1559139885444192,0.15818211935210458,15.818211935210458,92.73001579198171,A_same_width
1,ResDyNet,35,0.00018639743279747842,0.0005694029492074454,0.02386216564370144,0.024209296222168754,2.4209296222168755,95.28972604198498,A_same_width
1,Plain,35,0.009946628948618374,0.01185607229473615,0.10888559268671015,0.11046958633340881,11.04695863334088,95.41773387498688,A_same_width
1,ResDyNet,36,0.00041666054835294656,0.0003624907009017645,0.01903918855680999,0.0193161577404104,1.93161577404104,97.98496087497915,A_same_width
1,Plain,36,0.016007721855005243,0.020886957349036478,0.14452320695665619,0.14662563241048576,14.662563241048577,98.11279679200379,A_same_width
1,ResDyNet,37,0.0001951046150691251,0.00042281190422795227,0.020562390528047855,0.02086151821935848,2.086151821935848,100.66961362498114,A_same_width
1,Plain,37,0.014501216616868632,0.008079609761324118,0.08988664951662242,0.09119425944227182,9.119425944227181,100.81045216700295,A_same_width
1,ResDyNet,38,0.00018710748818819307,0.007954487214163313,0.08918793199846778,0.09048537745623593,9.048537745623593,103.42459433400654,A_same_width
1,Plain,38,0.012251067087269732,0.02306087824770592,0.1518580858818717,0.15406721417241423,15.406721417241423,103.56443141700584,A_same_width
1,ResDyNet,39,0.0009188882447746674,0.00043591495714374537,0.020878576511432604,0.021182303861674207,2.1182303861674208,106.211838083982,A_same_width
1,Plain,39,0.011942333222914445,0.02277996276495121,0.150930324206076,0.1531259560499,15.312595604990001,106.34942449998925,A_same_width
1,ResDyNet,40,0.00018308557900651343,0.0002102433460374376,0.014499770551199685,0.014710703364852744,1.4710703364852744,109.02636641700519,A_same_width
1,Plain,40,0.009343204270058223,0.010720655350950944,0.10354059759799993,0.10504683588649878,10.504683588649879,109.16777341699344,A_same_width
1,ResDyNet,41,0.00017337170740870355,0.00037201857889115187,0.019287783151289106,0.01956836872020315,1.956836872020315,112.05539550000685,A_same_width
1,Plain,41,0.005620531098167143,0.007625772579723471,0.08732566964944198,0.08859602417941558,8.859602417941558,112.19761204198585,A_same_width
1,ResDyNet,42,0.00014234140150360623,0.000380053010296016,0.01949494832760569,0.019778547594797035,1.9778547594797036,114.86301124998135,A_same_width
1,Plain,42,0.005308237740321076,0.004408751291322894,0.06639842837991644,0.06736434761780108,6.736434761780108,115.00010029200348,A_same_width
1,ResDyNet,43,0.0002592969501073369,0.0004609995034679927,0.021470898990680217,0.021783243046041154,2.1783243046041156,117.8058676669898,A_same_width
1,Plain,43,0.004828428736738391,0.0045153738070586,0.06719653121299193,0.06817406070881621,6.817406070881621,117.96150695899269,A_same_width
1,ResDyNet,44,0.00046270768395526555,0.00023004518664682466,0.015167240574568095,0.015387883288771718,1.5387883288771718,121.24556787498295,A_same_width
1,Plain,44,0.007219953592344624,0.035861299372930686,0.18937079862779974,0.19212563638452435,19.212563638452433,121.45035883400124,A_same_width
1,ResDyNet,45,0.00018263111636805616,0.0005625755293502387,0.023718674696328185,0.024063717865952974,2.4063717865952974,124.33592149999458,A_same_width
1,Plain,45,0.00967962042197488,0.010353472513772513,0.10175201478974513,0.10323223399036502,10.323223399036502,124.47706558398204,A_same_width
1,ResDyNet,46,0.00014362903854123465,8.450161745729861e-05,0.009192476133082893,0.009326202032285439,0.9326202032285439,127.52331804198911,A_same_width
1,Plain,46,0.005570093265784337,0.007008783961344426,0.08371848040513173,0.08493635999600235,8.493635999600235,127.66331679199357,A_same_width
1,ResDyNet,47,0.00020029373188016917,0.0029630353472112317,0.05443377028289729,0.05522563580124963,5.522563580124963,130.32694033399457,A_same_width
1,Plain,47,0.01374899699466805,0.006661726864861837,0.08161940250248,0.08280674613372836,8.280674613372836,130.46433354198234,A_same_width
1,ResDyNet,48,0.0005143859638726932,0.00017703268447580655,0.013305362996769632,0.013498920380569178,1.3498920380569177,133.09983383398503,A_same_width
1,Plain,48,0.01732326782146897,0.004058084787077127,0.06370309872429385,0.06462980813703156,6.462980813703156,133.23703299998306,A_same_width
1,ResDyNet,49,0.00011357343904241407,0.0002573678822476639,0.01604268937079017,0.01627606751947148,1.6276067519471482,136.09330091698212,A_same_width
1,Plain,49,0.010921267922536027,0.004632191778517739,0.06806020701201061,0.06905030067674554,6.905030067674554,136.23057254200103,A_same_width
1,ResDyNet,50,0.00012182667007046509,0.00026625184950753686,0.01631722554564767,0.016554597460134293,1.6554597460134293,139.053502499999,A_same_width
1,Plain,50,0.004889402198543586,0.0061665173517921204,0.07852717588066008,0.07966953589927193,7.9669535899271935,139.20696195898927,A_same_width
2,ResDyNet,0,0.9227186999179308,0.9081668053494439,0.9529778619408973,0.9668411366084841,96.68411366084841,0.17492595801013522,A_same_width
2,Plain,0,1.0170314973221923,1.005299814811214,1.0026464056741111,1.0172322245807743,101.72322245807743,0.3386013749986887,A_same_width
2,ResDyNet,1,0.1050158871504162,0.007870193232965747,0.08871410954840131,0.09000466215898877,9.000466215898877,2.968225250020623,A_same_width
2,Plain,1,0.5047600296205411,0.10218066617095153,0.3196571071804153,0.324307261662769,32.430726166276905,3.098609208012931,A_same_width
2,ResDyNet,2,0.00369180536487492,0.0033059890713732485,0.05749773101065162,0.05833416894861196,5.8334168948611955,5.669256125023821,A_same_width
2,Plain,2,0.05621679810748747,0.03950520862821386,0.19875917243793773,0.20165058588021587,20.165058588021587,5.815184083010536,A_same_width
2,ResDyNet,3,0.002009658837522681,0.0017424839964582616,0.04174307123892852,0.04235032108718345,4.235032108718345,8.849290458019823,A_same_width
2,Plain,3,0.03463973445818318,0.030095984530304577,0.17348194295172215,0.17600564042787142,17.60056404278714,9.038205000018934,A_same_width
2,ResDyNet,4,0.0016442525699249778,0.001255295142933588,0.035430144551406896,0.03594555822998711,3.5945558229987107,11.790815333020873,A_same_width
2,Plain,4,0.030911056238205635,0.03064752149804518,0.17506433531146537,0.17761105235689437,17.76110523568944,11.929759749997174,A_same_width
2,ResDyNet,5,0.0012950224178572035,0.001931214258631166,0.04394558292514921,0.044584873417456934,4.458487341745694,14.59005891700508,A_same_width
2,Plain,5,0.029277441242359828,0.06168825947703528,0.24837121306028057,0.2519843487727552,25.19843487727552,14.727393333014334,A_same_width
2,ResDyNet,6,0.007384382159998598,0.0016948695852381048,0.04116879382782674,0.041767689478357406,4.176768947835741,17.82916770799784,A_same_width
2,Plain,6,0.03014646448509862,0.02536337811902296,0.1592588400027545,0.16157562943761378,16.157562943761377,17.979948916996364,A_same_width
2,ResDyNet,7,0.0008783207751493179,0.0011743198296293054,0.034268350261273235,0.0347668629456178,3.4766862945617802,21.040135417017154,A_same_width
2,Plain,7,0.027051378436431597,0.03087972750714782,0.17572628576040586,0.17828263241136558,17.828263241136558,21.1954143330222,A_same_width
2,ResDyNet,8,0.0007074668505350956,0.0012722783777512638,0.03566901144903323,0.03618790000100036,3.618790000100036,24.5137662080233,A_same_width
2,Plain,8,0.025872137255734482,0.02596260461150513,0.16112915506358597,0.1634731525716217,16.34731525716217,24.66235133301234,A_same_width
2,ResDyNet,9,0.0006460473049343935,0.0010006024726509108,0.0316323010963621,0.03209246632787498,3.2092466327874978,27.44963508300134,A_same_width
2,Plain,9,0.02446446459037983,0.024986666769008643,0.15807171400667688,0.1603712339388479,16.03712339388479,27.594414417020744,A_same_width
2,ResDyNet,10,0.0008017484635412723,0.0006366876435984666,0.02523267016386626,0.025599737911238547,2.5599737911238547,30.43048741700477,A_same_width
2,Plain,10,0.023500442767150874,0.021257587953476202,0.14579982151386947,0.1479208182891936,14.79208182891936,30.56960420802352,A_same_width
2,ResDyNet,11,0.0005338418824251253,0.0013936186984425992,0.037331202745727314,0.03787427172770907,3.7874271727709066,33.33569579201867,A_same_width
2,Plain,11,0.022724987744156242,0.024894813261740447,0.1577809027155709,0.16007619212259958,16.007619212259957,33.482942958013155,A_same_width
2,ResDyNet,12,0.0005551339803668869,0.0011525481320660968,0.03394919928460901,0.034443069177314205,3.4443069177314203,36.291175958001986,A_same_width
2,Plain,12,0.02167520650351471,0.023470284833912353,0.15320014632470932,0.15542879799903928,15.542879799903927,36.43848300000536,A_same_width
2,ResDyNet,13,0.000622562670038667,0.005413622871279904,0.07357732579592643,0.07464767875747164,7.464767875747164,39.15589341701707,A_same_width
2,Plain,13,0.02604404123947514,0.1455235785663051,0.3814755281355609,0.38702497501855054,38.702497501855056,39.29283650001162,A_same_width
2,ResDyNet,14,0.0032685804259926622,0.003800459076685246,0.06164786352084917,0.06254467476777449,6.2544674767774495,41.986909792001825,A_same_width
2,Plain,14,0.08654730489305983,0.1087450315389786,0.3297651157096193,0.33456231463463965,33.456231463463965,42.12672241701512,A_same_width
2,ResDyNet,15,0.0007722063672306419,0.001405023586930612,0.037483644258937944,0.03802893085651475,3.802893085651475,45.120614667015616,A_same_width
2,Plain,15,0.04657446531414672,0.031185514001729028,0.17659420715790486,0.1791631797398583,17.91631797398583,45.267961625009775,A_same_width
2,ResDyNet,16,0.00046568364260092906,0.0003804485940819104,0.01950509149124685,0.019788838314293553,1.9788838314293553,48.384127750003245,A_same_width
2,Plain,16,0.028748309769049237,0.019137472939602627,0.13833825551741868,0.14035070649856407,14.035070649856408,48.53798824999831,A_same_width
2,ResDyNet,17,0.0003640401254864574,0.0005885653060384035,0.024260364919728713,0.024613288230804484,2.461328823080448,51.39476791702327,A_same_width
2,Plain,17,0.01604609113393778,0.004608164474277457,0.06788346245056641,0.06887098495546735,6.887098495546735,51.53375208302168,A_same_width
2,ResDyNet,18,0.0003836134756088914,0.00034961464896980714,0.018697985158027248,0.018969990746329435,1.8969990746329435,54.90803295801743,A_same_width
2,Plain,18,0.0255381192635361,0.008810216583557203,0.09386275397385911,0.09522820556655985,9.522820556655985,55.1265915420081,A_same_width
2,ResDyNet,19,0.0003381198884402073,0.0003621809993690281,0.019031053553837423,0.01930790439493993,1.9307904394939928,58.726989707996836,A_same_width
2,Plain,19,0.01593973203612388,0.008484096220675478,0.09210915383758272,0.093449095246556,9.3449095246556,58.873592167015886,A_same_width
2,ResDyNet,20,0.00037106021377511576,0.0003121697744597513,0.017668326872110764,0.017925353691019143,1.7925353691019144,61.5868915830215,A_same_width
2,Plain,20,0.007889862261745923,0.008805911206681467,0.0938398167447138,0.09520493466218402,9.520493466218403,61.72567029201309,A_same_width
2,ResDyNet,21,0.0003420602037049619,0.0007237484660152448,0.026902573594644152,0.027293933962919584,2.7293933962919583,64.76747729201452,A_same_width
2,Plain,21,0.009833390334716717,0.0047018766012551306,0.06857023115941152,0.06956774430903158,6.956774430903158,64.91843183300807,A_same_width
2,ResDyNet,22,0.0003853759947005385,0.0006000167497243861,0.02449523932776298,0.02485157943219881,2.485157943219881,67.78728479202255,A_same_width
2,Plain,22,0.01906356207758,0.015273888275595367,0.12358757330571457,0.1253854413807905,12.53854413807905,67.93842616700567,A_same_width
2,ResDyNet,23,0.0004734344620806137,0.0003255951859805716,0.018044256315530756,0.018306751900648614,1.8306751900648615,70.76962066700798,A_same_width
2,Plain,23,0.011301473574619487,0.006122737818471408,0.07824792533014155,0.07938622300141301,7.938622300141302,70.90915275001316,A_same_width
2,ResDyNet,24,0.0003906096855435079,0.0014185117997360384,0.037663135819207064,0.03821103353809099,3.821103353809099,73.73714325000765,A_same_width
2,Plain,24,0.005998759749209143,0.0061359063649857925,0.07833202643226965,0.07947154754925294,7.947154754925294,73.87707920800312,A_same_width
2,ResDyNet,25,0.00047076166674310527,0.0019056740746672789,0.043654027015468784,0.044289076150428895,4.428907615042889,76.77380808300222,A_same_width
2,Plain,25,0.011161943331821637,0.05083669233855013,0.22546993666240767,0.22874992016052195,22.874992016052197,76.9261682080105,A_same_width
2,ResDyNet,26,0.0004651911523839152,0.002143705289082233,0.04630016510858501,0.04697370846325189,4.697370846325189,79.77210900001228,A_same_width
2,Plain,26,0.013758326055372623,0.0073700157720767824,0.08584879598501532,0.08709766596001975,8.709766596001975,79.92058208302478,A_same_width
2,ResDyNet,27,0.0007671545065194005,0.00035874447648966937,0.01894055111367326,0.019216085386746025,1.9216085386746025,82.80390583301778,A_same_width
2,Plain,27,0.011590379343352152,0.00663530634830419,0.08145738977099738,0.0826423765510681,8.26423765510681,82.95484841702273,A_same_width
2,ResDyNet,28,0.00026083719801812857,0.0002872948886287973,0.01694977547428866,0.01719634929550568,1.719634929550568,85.85271283300244,A_same_width
2,Plain,28,0.011591413156101602,0.012356640293705692,0.1111604259334485,0.11277751230914117,11.277751230914117,86.00484812501236,A_same_width
2,ResDyNet,29,0.0002315804547362531,0.0007022305070188947,0.026499632205351356,0.026885130855975416,2.6885130855975414,88.9709418330167,A_same_width
2,Plain,29,0.0067058737388588875,0.003724339177869341,0.061027364172716335,0.06191514881657167,6.191514881657167,89.1222547920188,A_same_width
2,ResDyNet,30,0.0003659108442261052,0.00020050106536705867,0.014159839877874985,0.014365827610975343,1.4365827610975344,91.96287516702432,A_same_width
2,Plain,30,0.005186420696169337,0.005994767726931546,0.07742588538035292,0.07855222457276902,7.855222457276902,92.12381941700005,A_same_width
2,ResDyNet,31,0.00036840809255568786,0.000259512822986095,0.016109401695472588,0.01634375032974199,1.634375032974199,95.00435354199726,A_same_width
2,Plain,31,0.011371687550147903,0.017503075724733325,0.1322991901892575,0.134223788949776,13.4223788949776,95.15558891699766,A_same_width
2,ResDyNet,32,0.0002578882473396053,0.0002653339757372876,0.01628907534936491,0.01652603775391578,1.652603775391578,97.99755420800648,A_same_width
2,Plain,32,0.013579228061695101,0.005337100545987767,0.07305546212288146,0.07411822336616394,7.411822336616394,98.17260045799776,A_same_width
2,ResDyNet,33,0.00041554809268044325,0.0002813746394823377,0.016774225451040584,0.017018245489753954,1.7018245489753954,101.1084412500204,A_same_width
2,Plain,33,0.02159424918370154,0.004958744428345138,0.07041835292269437,0.07144275129247195,7.144275129247195,101.25910458300496,A_same_width
2,ResDyNet,34,0.0002361399210635185,0.002597611494731576,0.0509667685333451,0.05170819846505206,5.170819846505206,104.0823570000066,A_same_width
2,Plain,34,0.021237436556340177,0.0020369592998938763,0.04513268549392863,0.04578924514812022,4.578924514812021,104.22180454200134,A_same_width
2,ResDyNet,35,0.0005985177945578815,0.0056966662765096,0.07547626300042683,0.07657424041065426,7.657424041065426,107.11404491701978,A_same_width
2,Plain,35,0.01174709391064016,0.025986620228933683,0.16120366071815392,0.16354874208384765,16.354874208384764,107.2648170000175,A_same_width
2,ResDyNet,36,0.0006702193950521616,0.00019177471275567078,0.013848274721266571,0.014049730016085398,1.4049730016085398,110.07350300002145,A_same_width
2,Plain,36,0.015913065037794598,0.03000748901651211,0.173226698336348,0.17574668268719637,17.574668268719638,110.21467233300791,A_same_width
2,ResDyNet,37,0.0002299330188923805,0.0014778003681762085,0.038442169139841845,0.03900139970635055,3.900139970635055,113.13647479200154,A_same_width
2,Plain,37,0.014768195489718305,0.005386637283804367,0.07339371419818162,0.07446139610291287,7.446139610291287,113.29898304201197,A_same_width
2,ResDyNet,38,0.0003148485280798841,0.000492159246527914,0.02218466241636131,0.02250738981724692,2.250738981724692,116.23304954200285,A_same_width
2,Plain,38,0.014452073526039829,0.0100578719533723,0.10028894232851547,0.10174787774469644,10.174787774469644,116.38274870801251,A_same_width
2,ResDyNet,39,0.00020453161393314497,0.00019564261942242887,0.01398723058444483,0.01419070731478157,1.419070731478157,119.22064779201173,A_same_width
2,Plain,39,0.008903333499094291,0.017239606888073567,0.13129968350332596,0.13320974211944808,13.320974211944808,119.35926112500601,A_same_width
2,ResDyNet,40,0.0003331776875285151,0.0001803539633578977,0.013429592821746222,0.01362495741666193,1.3624957416661931,122.14816766700824,A_same_width
2,Plain,40,0.009955975473921774,0.005159795058324664,0.07183171345808662,0.07287667243697066,7.287667243697066,122.30058820801787,A_same_width
2,ResDyNet,41,0.00020111610119254015,0.0006874740415184184,0.02621972619075986,0.026601152958797385,2.6601152958797383,125.20746133301873,A_same_width
2,Plain,41,0.013838989897544446,0.009970722242811259,0.09985350390853222,0.10130610486233149,10.130610486233149,125.35171087502385,A_same_width
2,ResDyNet,42,0.00018600589622330137,0.0004981121504160895,0.02231842625312299,0.022643099559452654,2.2643099559452655,128.10255620800308,A_same_width
2,Plain,42,0.004750936351610885,0.0035613898036989215,0.0596773810056953,0.06054552701135298,6.054552701135298,128.24263287501526,A_same_width
2,ResDyNet,43,0.0002544423878968667,0.0002014706906466223,0.014194037151093495,0.014400522362897655,1.4400522362897656,130.98401895799907,A_same_width
2,Plain,43,0.00865040879906541,0.004315379656291472,0.06569154935219196,0.06664718539409747,6.664718539409748,131.12241675000405,A_same_width
2,ResDyNet,44,0.0004448549770781556,0.0012067108570008231,0.034737743982602313,0.03524308508798992,3.5243085087989923,133.8533310830244,A_same_width
2,Plain,44,0.004688328932176642,0.004461074669089006,0.06679127689368579,0.06776291102492382,6.776291102492382,133.9919964169967,A_same_width
2,ResDyNet,45,0.00023136915953963033,0.0001021488896477983,0.010106873386354373,0.01025390131573375,1.0253901315733749,136.72091295800055,A_same_width
2,Plain,45,0.005612173945507489,0.019560165918965616,0.1398576630684412,0.14189221735864868,14.189221735864868,136.88267025002278,A_same_width
2,ResDyNet,46,0.00010468016173283727,0.0001120505673226576,0.010585394056087737,0.01073938317915646,1.073938317915646,139.67663408300723,A_same_width
2,Plain,46,0.015881924976972977,0.016803328364316722,0.12962765277639152,0.13151338782515087,13.151338782515086,139.81601887501893,A_same_width
2,ResDyNet,47,0.00010882887882207826,0.0005466780603917577,0.02338114754223491,0.023721280596072293,2.3721280596072294,142.53959629201563,A_same_width
2,Plain,47,0.008584988276819801,0.00331760679879932,0.0575986701131139,0.05843657644457845,5.843657644457845,142.67778062500292,A_same_width
2,ResDyNet,48,0.000317068478077326,0.0003767052824639237,0.01940889699246002,0.019691244443274213,1.9691244443274212,145.3775865000207,A_same_width
2,Plain,48,0.005194662708486374,0.003465232337363814,0.05886622407938031,0.05972256992501631,5.972256992501631,145.5161613750097,A_same_width
2,ResDyNet,49,0.00026972871980070206,0.0008840206462106813,0.029732484696215363,0.0301650126891049,3.0165012689104898,148.2540924580244,A_same_width
2,Plain,49,0.004245422845112838,0.005737639487819544,0.07574720778893136,0.07684912671991473,7.684912671991473,148.39257370799896,A_same_width
2,ResDyNet,50,0.00043757672056943605,0.0005511938981573329,0.02347751899493072,0.02381905399520589,2.3819053995205888,151.05471587501233,A_same_width
2,Plain,50,0.004738104988532301,0.006515960618231406,0.08072150034675649,0.08189578190730358,8.189578190730359,151.19391816700227,A_same_width
3,ResDyNet,0,1.1549312070683746,1.1167934713496233,1.0567844961720547,1.0721578792483861,107.21578792483861,0.17042729200329632,A_same_width
3,Plain,0,0.965187077794728,0.9418906562926849,0.9705105132314049,0.9846288410016907,98.46288410016906,0.325449583993759,A_same_width
3,ResDyNet,1,0.12437050988788848,0.0074408313461675835,0.08626025357119921,0.08751510915170313,8.751510915170313,3.152368666982511,A_same_width
3,Plain,1,0.4058298905837835,0.10154021085676534,0.31865374759567056,0.3232893058842729,32.32893058842729,3.2927546669961885,A_same_width
3,ResDyNet,2,0.0031014989074552887,0.0047914854538039075,0.06922055658403728,0.0702275302262301,7.02275302262301,6.032177624991164,A_same_width
3,Plain,2,0.0671484648017849,0.03219365694310817,0.17942590934173408,0.1820360756037498,18.20360756037498,6.173544333985774,A_same_width
3,ResDyNet,3,0.0018433483406125526,0.0017481723713017915,0.041811151279315326,0.04241939150975745,4.241939150975745,8.924151958985021,A_same_width
3,Plain,3,0.03684782493070305,0.03903580465733564,0.19757480774971195,0.20044899185893295,20.044899185893293,9.064124124997761,A_same_width
3,ResDyNet,4,0.0014054687669210007,0.003148235733872448,0.056109141268357046,0.05692537894588445,5.692537894588446,11.743420124985278,A_same_width
3,Plain,4,0.033226818056569886,0.04446212142379357,0.21086043114769915,0.21392788548244385,21.392788548244386,11.894103208993329,A_same_width
3,ResDyNet,5,0.0013764529996527928,0.004625887648978626,0.0680138783556608,0.06900329806256986,6.900329806256986,14.526190584001597,A_same_width
3,Plain,5,0.043219996355277256,0.061465594089891454,0.24792255663793772,0.2515291656015101,25.152916560151013,14.655608458997449,A_same_width
3,ResDyNet,6,0.0010922610162746285,0.000630937328257017,0.025118465881837148,0.025483872262882665,2.5483872262882663,17.266662624984747,A_same_width
3,Plain,6,0.049917522294160514,0.039374839261152816,0.1984309433056065,0.20131758189340257,20.131758189340257,17.397464791982202,A_same_width
3,ResDyNet,7,0.0006658901463070994,0.001028918890993845,0.03207676559433393,0.03254339659348051,3.254339659348051,20.08577679199516,A_same_width
3,Plain,7,0.04423566582605248,0.05456299117984425,0.23358722392255157,0.23698529220241923,23.698529220241923,20.224227291997522,A_same_width
3,ResDyNet,8,0.0007131956824844377,0.0005423026829428939,0.023287393219140994,0.02362616239876447,2.3626162398764468,22.887217374984175,A_same_width
3,Plain,8,0.041614060860390656,0.027247163253095816,0.16506714770994202,0.16746843246029017,16.746843246029016,23.018625750002684,A_same_width
3,ResDyNet,9,0.000724316505223244,0.0005877269307112705,0.024243080058261382,0.0245957519209125,2.45957519209125,25.66548333398532,A_same_width
3,Plain,9,0.03915446255588516,0.040900105444045654,0.20223774485502366,0.2051797622061596,20.51797622061596,25.79449637499056,A_same_width
3,ResDyNet,10,0.0005285494393542995,0.0004139803744025797,0.020346507670914424,0.020642494845048324,2.0642494845048325,28.408166291977977,A_same_width
3,Plain,10,0.032030813730197574,0.020394157376477654,0.14280811383278494,0.14488558927674935,14.488558927674935,28.53958650000277,A_same_width
3,ResDyNet,11,0.00047648189404192454,0.0013995072752926582,0.03740998897744636,0.03795420408801511,3.795420408801511,31.209119042003294,A_same_width
3,Plain,11,0.023133309142579925,0.021602152116659164,0.14697670603418478,0.14911482332616385,14.911482332616385,31.347706708998885,A_same_width
3,ResDyNet,12,0.0007159466356172873,0.0027900800476438926,0.05282120831298629,0.05358961537506154,5.358961537506154,33.95045966698672,A_same_width
3,Plain,12,0.027154273357397486,0.09186918208022644,0.30309929409390984,0.307508576757641,30.7508576757641,34.07948991699959,A_same_width
3,ResDyNet,13,0.0032131262348881876,0.0005751752279844477,0.023982811094291005,0.024331696740830428,2.4331696740830426,36.667350292002084,A_same_width
3,Plain,13,0.05056355499992646,0.019652800487991638,0.14018844634274125,0.1422278126433534,14.22278126433534,36.796276166976895,A_same_width
3,ResDyNet,14,0.0004149132910584917,0.00034665808861727163,0.01861875636602165,0.018889609387670384,1.8889609387670383,39.49959883399424,A_same_width
3,Plain,14,0.030413411422610635,0.05530195801650215,0.2351636834558052,0.23858468499822244,23.858468499822244,39.64035474997945,A_same_width
3,ResDyNet,15,0.00032887460653110463,0.0003452888493521474,0.018581949557356658,0.018852267138552325,1.8852267138552325,42.24533787497785,A_same_width
3,Plain,15,0.01729724722623067,0.008529306665950198,0.09235424552206684,0.09369775235839833,9.369775235839834,42.37651245898451,A_same_width
3,ResDyNet,16,0.00030981353527174065,0.00026746261893068177,0.01635428442123598,0.016592195443074064,1.6592195443074065,45.038318042003084,A_same_width
3,Plain,16,0.009876277456514862,0.0101074183349272,0.10053565703235445,0.10199818148647685,10.199818148647685,45.196729499992216,A_same_width
3,ResDyNet,17,0.0002946622155000161,0.00025344451138354274,0.015919940684045987,0.016151533168204144,1.6151533168204144,47.827550541987875,A_same_width
3,Plain,17,0.009261946240715977,0.011385866392237754,0.10670457531070425,0.10825684099797606,10.825684099797606,47.95896229200298,A_same_width
3,ResDyNet,18,0.0002591077826913511,0.0010210756695792085,0.03195427466833207,0.0324191237526837,3.2419123752683703,50.59951791699859,A_same_width
3,Plain,18,0.008381904154439089,0.008016401083887044,0.0895343570027006,0.09083684201613651,9.08368420161365,50.72931795899058,A_same_width
3,ResDyNet,19,0.00037253666585922943,0.0003893862529256136,0.019732872394195775,0.020019932819108504,2.0019932819108504,53.389667416980956,A_same_width
3,Plain,19,0.0075997270392010345,0.02074621417015553,0.14403546150221314,0.14613079156645092,14.613079156645092,53.52842708397657,A_same_width
3,ResDyNet,20,0.0003094613394543688,0.002254986139951703,0.04748669434643459,0.048177498522556365,4.817749852255637,56.15464783398784,A_same_width
3,Plain,20,0.01678863958185269,0.0026195714985024904,0.05118174966237956,0.05192630699353532,5.192630699353532,56.28407666698331,A_same_width
3,ResDyNet,21,0.0005020950717073638,0.00039078607105390696,0.019768309767248866,0.02005588571099551,2.005588571099551,58.92040270898724,A_same_width
3,Plain,21,0.011316146414622807,0.007842823126915957,0.08855971503407155,0.08984802161813016,8.984802161813016,59.05370970899821,A_same_width
3,ResDyNet,22,0.0002365396099496585,0.00031017892031608385,0.017611897124276073,0.017868103041540358,1.7868103041540357,61.66255199999432,A_same_width
3,Plain,22,0.006942404476759972,0.003548823910117099,0.05957200609444925,0.06043861917746936,6.043861917746936,61.79158491699491,A_same_width
3,ResDyNet,23,0.0002183208473300967,0.0002748513712019238,0.01657864201923438,0.0168198168430232,1.68198168430232,64.36828891700134,A_same_width
3,Plain,23,0.018257339373882343,0.022296343098904672,0.14931960051816595,0.15149180064779086,15.149180064779086,64.49751112499507,A_same_width
3,ResDyNet,24,0.00022151321707041663,0.0007548884352692798,0.02747523312493053,0.027874924155098988,2.787492415509899,67.07501299999421,A_same_width
3,Plain,24,0.01905212270613443,0.033723038368566806,0.18363833578141248,0.18630978156216887,18.630978156216887,67.20423587498954,A_same_width
3,ResDyNet,25,0.00033312592226174666,0.0007519534386363437,0.02742176942934835,0.027820682705986324,2.7820682705986326,69.77641120899352,A_same_width
3,Plain,25,0.009159221943429247,0.02251158487765488,0.15003861128941068,0.1522212710993795,15.222127109937949,69.90673112499644,A_same_width
3,ResDyNet,26,0.0002849846882605055,0.001028059675094204,0.03206336967778346,0.03252980580223465,3.252980580223465,72.49083566697664,A_same_width
3,Plain,26,0.015023934458617993,0.03284462723949163,0.18123086723704554,0.1838672908005847,18.38672908005847,72.61979637498735,A_same_width
3,ResDyNet,27,0.00031957621080625317,0.0008111924232181571,0.02848143997796033,0.02889576862200531,2.889576862200531,75.2035912089923,A_same_width
3,Plain,27,0.01822065163039257,0.029797449394210074,0.17261937722692108,0.17513052668276544,17.513052668276543,75.33289833398885,A_same_width
3,ResDyNet,28,0.00034130428787736643,0.0007659897239972869,0.02767651936203841,0.02807913856766957,2.807913856766957,77.908621458977,A_same_width
3,Plain,28,0.019162771328848176,0.015431659815720688,0.12422423199891673,0.1260313617522392,12.60313617522392,78.03752600000007,A_same_width
3,ResDyNet,29,0.00031648792013053444,0.0003653782395216992,0.019114869592066257,0.01939293973196459,1.9392939731964591,80.62389470898779,A_same_width
3,Plain,29,0.012623581643482394,0.008382643226353953,0.09155677597181955,0.09288868176277985,9.288868176277985,80.75305945897708,A_same_width
3,ResDyNet,30,0.0002239140042462119,0.0003636231079946231,0.019068904215885692,0.01934630568271129,1.9346305682711291,83.37533537499257,A_same_width
3,Plain,30,0.01616393765618404,0.02150210533940805,0.1466359619582047,0.1487691223368017,14.87691223368017,83.50636849997682,A_same_width
3,ResDyNet,31,0.00018863286005464823,0.0014848763551903155,0.03853409341336987,0.03909466123177437,3.9094661231774372,86.09983649998321,A_same_width
3,Plain,31,0.011811970505085903,0.0058543696758496895,0.07651385283626547,0.07762692439868782,7.762692439868782,86.22936908400152,A_same_width
3,ResDyNet,32,0.00039483081614778405,0.00015270025444597446,0.012357194440728626,0.012536958512376309,1.2536958512376308,88.81572483398486,A_same_width
3,Plain,32,0.00599319047005072,0.005342666251002914,0.07309354452345922,0.07415685976363953,7.415685976363953,88.94630724997842,A_same_width
3,ResDyNet,33,0.0001678129196280548,0.0004937520973755935,0.022220533237876934,0.022543782463110288,2.254378246311029,91.62413579199347,A_same_width
3,Plain,33,0.005275151151347958,0.004897644212095655,0.06998317092055528,0.07100123855814382,7.100123855814382,91.7623501670023,A_same_width
3,ResDyNet,34,0.00018609582495581454,0.00041389185103342564,0.020344332159926648,0.020640287686204316,2.0640287686204317,94.36694508398068,A_same_width
3,Plain,34,0.00543701238978899,0.006480356923223406,0.0805006641166606,0.08167173310172547,8.167173310172547,94.49651387499762,A_same_width
3,ResDyNet,35,0.00031333218248404593,0.001105601399982244,0.033250584956993526,0.033734291882963355,3.3734291882963356,97.0827359999821,A_same_width
3,Plain,35,0.005506069149656898,0.007103120915623905,0.08428001492420314,0.0855060633378598,8.55060633378598,97.2122934999934,A_same_width
3,ResDyNet,36,0.0007945982050508228,0.00018416206282570433,0.013570632366463413,0.013768048708880813,1.3768048708880813,99.80926499998895,A_same_width
3,Plain,36,0.0049893429183538755,0.00607511840296461,0.07794304589227065,0.0790769083845558,7.90769083845558,99.93889574997593,A_same_width
3,ResDyNet,37,0.0001541857950438962,0.0001577563624522621,0.012560109969751942,0.012742825918694486,1.2742825918694487,102.53711899998598,A_same_width
3,Plain,37,0.017062520836586274,0.013209841328415345,0.11493407383546163,0.11660605667774987,11.660605667774988,102.66654416697565,A_same_width
3,ResDyNet,38,0.00013583759299835166,0.0004554681258426932,0.021341699225757384,0.02165216377069143,2.165216377069143,105.26764933398226,A_same_width
3,Plain,38,0.015124987312680901,0.050464197197808654,0.22464237622899347,0.22791032094000616,22.791032094000617,105.39670524999383,A_same_width
3,ResDyNet,39,0.0001736112380057527,0.00011899392887739548,0.010908433841638105,0.011067122328096575,1.1067122328096575,108.00215733397636,A_same_width
3,Plain,39,0.015472933039237594,0.008016988713555506,0.08953763853014836,0.09084017128101675,9.084017128101674,108.13306212497992,A_same_width
3,ResDyNet,40,0.00011924740561848827,0.00031378085497345347,0.017713860532742532,0.017971549744419064,1.7971549744419064,110.80710883397842,A_same_width
3,Plain,40,0.009635087230860826,0.016723031636024035,0.12931756120505844,0.13119878525225398,13.119878525225397,110.94636566698318,A_same_width
3,ResDyNet,41,0.00018329183867163106,0.0001785522074890156,0.013362342889217279,0.01355672917779109,1.355672917779109,113.55693099999917,A_same_width
3,Plain,41,0.014149952111086633,0.020623960904372084,0.14361044845126028,0.14569959571430408,14.569959571430408,113.6860544589872,A_same_width
3,ResDyNet,42,0.00014284788748022137,0.0008524255575043166,0.029196327808550117,0.029621056155198677,2.9621056155198677,116.32217362499796,A_same_width
3,Plain,42,0.013496797618757493,0.007197387301569212,0.08483741687232828,0.08607157399093572,8.607157399093571,116.45163929197588,A_same_width
3,ResDyNet,43,0.0002833512423352801,0.010118309886013543,0.10058981005058884,0.10205312228603948,10.205312228603947,119.06774787500035,A_same_width
3,Plain,43,0.012196446807459807,0.007170254606019606,0.08467735592246374,0.08590918458308686,8.590918458308686,119.1970897919964,A_same_width
3,ResDyNet,44,0.0032697524407090733,0.00023326387386934006,0.015272978552637989,0.015495159471128743,1.5495159471128743,121.8652155000018,A_same_width
3,Plain,44,0.010119144648471464,0.013942478390184622,0.1180782723035217,0.11979599480956599,11.9795994809566,122.0038261669979,A_same_width
3,ResDyNet,45,0.00015741524773892464,0.00011402724370055168,0.010678353978987197,0.01083369541987536,1.083369541987536,124.65522595899529,A_same_width
3,Plain,45,0.010027903175851026,0.01026954758177115,0.10133877629896243,0.10281298398669232,10.281298398669232,124.79682412499096,A_same_width
3,ResDyNet,46,0.00011148264743893741,0.00026181220916495965,0.016180612138141117,0.01641599669356393,1.641599669356393,127.8106002919958,A_same_width
3,Plain,46,0.01076935766976644,0.006986757081682913,0.08358682361283333,0.08480278795011162,8.480278795011161,127.9464002919849,A_same_width
3,ResDyNet,47,0.0001183018638476512,0.00014211621441497928,0.01192125053905752,0.012094672794919244,1.2094672794919243,130.4352022499952,A_same_width
3,Plain,47,0.010908938674301026,0.004088100335400811,0.06393825408470903,0.06486838437791122,6.486838437791122,130.56284304198925,A_same_width
3,ResDyNet,48,9.227359144122769e-05,0.0001269156603938505,0.01126568508320069,0.011429570618074357,1.1429570618074358,133.03791866698884,A_same_width
3,Plain,48,0.00609423922626669,0.0034336197849719626,0.05859709706949622,0.05944952783818501,5.944952783818501,133.16546150000067,A_same_width
3,ResDyNet,49,9.557796385638245e-05,0.00026491096564167137,0.01627608569778592,0.016512859137708266,1.6512859137708267,135.64640075000352,A_same_width
3,Plain,49,0.004417607284537338,0.008208127684355589,0.09059871789576047,0.09191668650854871,9.191668650854872,135.77411624998786,A_same_width
3,ResDyNet,50,0.0001241894293846563,0.00018978489691800726,0.01377624393359842,0.013976651373441966,1.3976651373441966,138.2421388340008,A_same_width
3,Plain,50,0.005662296656175554,0.007544359821421276,0.08685827434056743,0.08812182952104505,8.812182952104505,138.36978374997852,A_same_width
4,ResDyNet,0,1.4529373488200954,1.425103770286955,1.19377710243033,1.2111433608963573,121.11433608963573,0.14777437501470558,A_same_width
4,Plain,0,0.9888403476591768,0.9767430709638136,0.9883031270636623,1.0026802896951363,100.26802896951364,0.28699566700379364,A_same_width
4,ResDyNet,1,0.1902142076736747,0.008408930735953262,0.09170022211507049,0.09303421466309339,9.30342146630934,3.098573333991226,A_same_width
4,Plain,1,0.4287887097167123,0.21908506693579016,0.4680652379057754,0.4748743330742838,47.487433307428375,3.246838666993426,A_same_width
4,ResDyNet,2,0.004647322468921569,0.00264686743899002,0.051447715585728596,0.05219614200849169,5.219614200849168,6.582787124993047,A_same_width
4,Plain,2,0.06707704255253888,0.07819890470012487,0.27964067068315523,0.2837086932267358,28.37086932267358,6.747635750012705,A_same_width
4,ResDyNet,3,0.002285686484945057,0.00262101457133529,0.05119584525462286,0.051940607638880774,5.194060763888078,9.894289459014544,A_same_width
4,Plain,3,0.060503904011685976,0.06114936202982714,0.24728397042636457,0.25088128967146234,25.088128967146233,10.058468750008615,A_same_width
4,ResDyNet,4,0.0018760789064263365,0.006209721091557263,0.0788017835556865,0.07994813838023956,7.994813838023957,13.049257959006354,A_same_width
4,Plain,4,0.05204627861756305,0.03286694066325075,0.18129241755586678,0.18392973651163882,18.39297365116388,13.186901500012027,A_same_width
4,ResDyNet,5,0.0057731664887222586,0.001682281524210726,0.04101562536656885,0.04161229282635802,4.1612292826358015,15.87837158399634,A_same_width
4,Plain,5,0.0482353774409204,0.04521738780314263,0.21264380499591948,0.21573720264213053,21.573720264213055,16.01938570899074,A_same_width
4,ResDyNet,6,0.0010989603871093929,0.0011823451441070952,0.03438524602365229,0.034885459228151686,3.4885459228151685,18.5731732090062,A_same_width
4,Plain,6,0.04662337564351303,0.05090967361781396,0.22563172121360497,0.2289140582434851,22.89140582434851,18.702554124989547,A_same_width
4,ResDyNet,7,0.0008907424429165321,0.000762234328771707,0.02760859157529965,0.02801022261362627,2.8010222613626268,21.158620583999436,A_same_width
4,Plain,7,0.04385487417745303,0.030898149712020533,0.1757786952734049,0.1783358043423629,17.83358043423629,21.288106874999357,A_same_width
4,ResDyNet,8,0.0007414362439637108,0.0012589511923960573,0.035481702219539266,0.03599786592405721,3.599786592405721,23.837109000014607,A_same_width
4,Plain,8,0.04185838727798155,0.04448723149773364,0.2109199646731756,0.21398828506121342,21.398828506121344,23.97383270901628,A_same_width
4,ResDyNet,9,0.0007292081523208142,0.0013297129781606458,0.03646522971490302,0.0369957011094061,3.69957011094061,26.579351541993674,A_same_width
4,Plain,9,0.031361263507192226,0.06429000373231704,0.2535547351802309,0.2572432772518292,25.72432772518292,26.707361417007633,A_same_width
4,ResDyNet,10,0.0007634199147728456,0.0012360002490199868,0.035156795204056734,0.03566823238199211,3.5668232381992113,29.1386310000089,A_same_width
4,Plain,10,0.02782672973830865,0.03051467566721291,0.1746845032257095,0.17722569473193903,17.722569473193904,29.266361999994842,A_same_width
4,ResDyNet,11,0.0006720512996209033,0.0007374042003500338,0.027155187356194647,0.027550222577896428,2.755022257789643,31.67789225000888,A_same_width
4,Plain,11,0.02399916707926149,0.021190157939632435,0.14556839608799857,0.14768602624341257,14.768602624341257,31.80290700000478,A_same_width
4,ResDyNet,12,0.0006709604697226855,0.0004821057685328754,0.021956907080298797,0.022276321251248073,2.2276321251248072,34.20723504200578,A_same_width
4,Plain,12,0.046411046582982576,0.048419071021208224,0.22004333896123335,0.22324438000176666,22.324438000176666,34.333937999996124,A_same_width
4,ResDyNet,13,0.0006462381514153167,0.0004306916641709994,0.02075311215627669,0.021055014336295582,2.1055014336295583,36.77252108399989,A_same_width
4,Plain,13,0.03494751335447691,0.029982704916527693,0.1731551469536141,0.17567409042354457,17.567409042354456,36.90089391701622,A_same_width
4,ResDyNet,14,0.0005476816390507581,0.0011957112132638691,0.034579057437470286,0.035082090078780104,3.50820900787801,39.295287792017916,A_same_width
4,Plain,14,0.01725757897961975,0.015081943743412611,0.12280856543178334,0.12459510102941584,12.459510102941584,39.429002292017685,A_same_width
4,ResDyNet,15,0.0006440182158770578,0.00040501278367336275,0.02012492940791005,0.020417693211970962,2.0417693211970964,42.00660933399922,A_same_width
4,Plain,15,0.013471376621248471,0.010019705561617305,0.10009847931720695,0.10155464400686294,10.155464400686293,42.13624770901515,A_same_width
4,ResDyNet,16,0.00037654200957060733,0.0006013208180000838,0.024521843690882703,0.024878570817523368,2.487857081752337,44.601390416995855,A_same_width
4,Plain,16,0.012661866387539814,0.011310060879020277,0.10634876999298243,0.10789585966615699,10.789585966615698,44.729315459000645,A_same_width
4,ResDyNet,17,0.0006354921841580968,0.002937582912675915,0.05419947336161039,0.05498793048748764,5.498793048748764,47.12725675001275,A_same_width
4,Plain,17,0.024888049982711463,0.128072056430081,0.3578715641540705,0.3630776366010027,36.307763660100264,47.25070912501542,A_same_width
4,ResDyNet,18,0.0017952043448457963,0.00041689643087374704,0.020418041798217258,0.020715069602248774,2.0715069602248772,49.67740491699078,A_same_width
4,Plain,18,0.03238149964909297,0.014250842789501193,0.11937689386770453,0.12111350783823346,12.111350783823346,49.80555820901645,A_same_width
4,ResDyNet,19,0.0003238210924620179,0.0026150225245142565,0.05113729093835786,0.05188120151419317,5.188120151419317,52.244684083998436,A_same_width
4,Plain,19,0.026070219048135765,0.023397343533738846,0.15296190222973446,0.15518708809078743,15.518708809078744,52.367599833989516,A_same_width
4,ResDyNet,20,0.002221088405965902,0.0003369052673639746,0.018354979361578552,0.018621995134525473,1.8621995134525473,54.74887620899244,A_same_width
4,Plain,20,0.02367720123100739,0.020951178869598738,0.1447452205414698,0.14685087569813837,14.685087569813838,54.87765700000455,A_same_width
4,ResDyNet,21,0.00033472587860611935,0.0005247273814632826,0.022906928678093942,0.023240163117987923,2.3240163117987924,57.35367179199238,A_same_width
4,Plain,21,0.02265841317660855,0.015240953776475476,0.12345425783048342,0.1252501865225743,12.52501865225743,57.481460167007754,A_same_width
4,ResDyNet,22,0.00029219592283767865,0.0003066302742958905,0.01751086160918104,0.017765597730395613,1.7765597730395613,60.265279125014786,A_same_width
4,Plain,22,0.02302290020182684,0.09794752024064686,0.31296568540440156,0.3175184976276092,31.75184976276092,60.40010341699235,A_same_width
4,ResDyNet,23,0.0002780379029300648,0.0006068636035838867,0.02463460175411583,0.0249929692084745,2.49929692084745,62.98825070899329,A_same_width
4,Plain,23,0.02073287158693198,0.012057572444778586,0.10980697812424575,0.1114043754604795,11.14043754604795,63.12413112499053,A_same_width
4,ResDyNet,24,0.0002848394394051835,0.0009274815085230853,0.03045458107613837,0.0308976136367111,3.0897613636711103,65.73048583400669,A_same_width
4,Plain,24,0.01780202183281628,0.006004709358906547,0.07749005974256663,0.07861733250001664,7.861733250001664,65.85948783400818,A_same_width
4,ResDyNet,25,0.0003562428794260231,0.000378919846864315,0.01946586363006571,0.019749039792831734,1.9749039792831733,68.44325775001198,A_same_width
4,Plain,25,0.020605423018369193,0.016795162954188373,0.1295961533155532,0.13148143013155086,13.148143013155087,68.57484712501173,A_same_width
4,ResDyNet,26,0.0002946957726488089,0.0012416440625914742,0.035236970110829255,0.03574957361885311,3.5749573618853105,71.1566555419995,A_same_width
4,Plain,26,0.012871341641013978,0.02068630670889158,0.14382735035066027,0.14591965295521556,14.591965295521556,71.286023209017,A_same_width
4,ResDyNet,27,0.00037598877454317906,0.00039348308232415484,0.019836407999538494,0.020124974590115783,2.0124974590115783,73.98372879199451,A_same_width
4,Plain,27,0.011436055717876972,0.007515751317681681,0.08669343295591474,0.08795459013588962,8.795459013588962,74.1167352499906,A_same_width
4,ResDyNet,28,0.000261003634001772,0.00023736848808427613,0.01540676760661613,0.01563089479739388,1.563089479739388,76.74591066699941,A_same_width
4,Plain,28,0.009736470902938443,0.00814630485306025,0.09025688258000189,0.09156987840479294,9.156987840479294,76.87824250000995,A_same_width
4,ResDyNet,29,0.00023176542907272105,0.0008415493331137458,0.029009469714452656,0.029431479776463355,2.9431479776463356,79.83260183400125,A_same_width
4,Plain,29,0.01066354558672865,0.00606981612677817,0.07790902468121501,0.07904239225602912,7.904239225602912,79.96795820901752,A_same_width
4,ResDyNet,30,0.0003633974450096288,0.0012628763610055597,0.03553697174782285,0.03605393947589889,3.605393947589889,82.49105666700052,A_same_width
4,Plain,30,0.009519453314843085,0.01851346674115594,0.1360642008066631,0.13804357038442716,13.804357038442717,82.6206518340041,A_same_width
4,ResDyNet,31,0.0004060510406570551,0.00020647891394508133,0.014369374166785461,0.01457841006240402,1.457841006240402,85.19181495899102,A_same_width
4,Plain,31,0.010047105544057891,0.007137351818920936,0.08448284925901196,0.0857118483688052,8.571184836880521,85.3265860840038,A_same_width
4,ResDyNet,32,0.00021996751293830495,0.0038327850889961087,0.06190949110593713,0.06281010833327139,6.281010833327139,88.07136587501736,A_same_width
4,Plain,32,0.008803014672557414,0.008510135985890899,0.09225039829665181,0.09359239443408159,9.359239443408159,88.2014499999932,A_same_width
4,ResDyNet,33,0.0005364962630894826,0.00035791594946557256,0.018918666693653982,0.019193882607048327,1.9193882607048327,90.713854333997,A_same_width
4,Plain,33,0.009141113679067756,0.010033003725247795,0.10016488269472387,0.10162201337561444,10.162201337561443,90.84330737500568,A_same_width
4,ResDyNet,34,0.00017844916767547356,0.0025571921000273313,0.050568686951782044,0.05130432586301968,5.130432586301968,93.34009733400308,A_same_width
4,Plain,34,0.00836523349590679,0.01975604391708437,0.14055619487267138,0.14260091092912008,14.260091092912008,93.46929816700867,A_same_width
4,ResDyNet,35,0.0005839619493865875,0.0011907382544155123,0.03450707542541837,0.03500906092130745,3.500906092130745,96.0436468750122,A_same_width
4,Plain,35,0.02365320823881009,0.056437038810782464,0.23756480970628302,0.24102074120253375,24.102074120253373,96.1726348749944,A_same_width
4,ResDyNet,36,0.00028858804512118684,0.00022953407070908037,0.015150381866774195,0.015370779331947363,1.5370779331947364,98.73873650000314,A_same_width
4,Plain,36,0.032873763141062745,0.09608495984506119,0.30997574073636985,0.3144850572753342,31.448505727533423,98.87191412498942,A_same_width
4,ResDyNet,37,0.00014187148105575622,0.000359820654016965,0.018968939190607496,0.019244886434142155,1.9244886434142154,101.4227235839935,A_same_width
4,Plain,37,0.015238830492646054,0.012555124725145833,0.11204965294522706,0.11367967519151909,11.36796751915191,101.55266516699339,A_same_width
4,ResDyNet,38,0.00015546601792611826,0.00016564446250592614,0.012870293800295552,0.01305752209292624,1.305752209292624,104.1112516669964,A_same_width
4,Plain,38,0.022423268572427556,0.009583316832686602,0.09789441675952007,0.09931851824409854,9.931851824409854,104.24232783401385,A_same_width
4,ResDyNet,39,0.00014316919594001414,0.00024573261697890213,0.015675860964518094,0.015903902742696877,1.5903902742696878,106.92131775000598,A_same_width
4,Plain,39,0.017584716974967923,0.04052456774209624,0.2013071477670285,0.20423562742379506,20.423562742379506,107.05997125001159,A_same_width
4,ResDyNet,40,0.00031486628386829244,0.0006732555601911702,0.025947168635347677,0.02632463042119169,2.632463042119169,109.63599012501072,A_same_width
4,Plain,40,0.020885932765654713,0.004084586824881235,0.06391077236961884,0.06484050287749563,6.484050287749563,109.76510304200929,A_same_width
4,ResDyNet,41,0.0002046872422126832,0.0002243567891552144,0.014978544293595904,0.015196441982467522,1.5196441982467521,112.37941908399807,A_same_width
4,Plain,41,0.010938979195269384,0.009708338538590622,0.09853090144005902,0.099964262071466,9.9964262071466,112.50827141699847,A_same_width
4,ResDyNet,42,0.00015425635520534758,0.0009609341101493144,0.030998937242255813,0.031449888726603446,3.1449888726603445,115.06673154199962,A_same_width
4,Plain,42,0.007914970878001325,0.00937005022460215,0.09679901975021313,0.09820718614310002,9.820718614310001,115.20090854199952,A_same_width
4,ResDyNet,43,0.00018273971303102345,0.0001802958988204911,0.013427430834693995,0.013622763978490502,1.3622763978490502,117.76395416699233,A_same_width
4,Plain,43,0.01817326645889722,0.02976871188948379,0.17253611763768126,0.17504605588957173,17.504605588957173,117.89416933400207,A_same_width
4,ResDyNet,44,0.00020941590591095255,0.00022457574743034735,0.014985851575080653,0.015203855565320163,1.5203855565320163,120.59547870900133,A_same_width
4,Plain,44,0.01636657706935137,0.02100802680061429,0.14494145990921398,0.1470499698229176,14.70499698229176,120.72464091700385,A_same_width
4,ResDyNet,45,0.0001928435871872506,0.0008278474904315593,0.02877233898089551,0.029190899426054948,2.9190899426054946,123.27212029200746,A_same_width
4,Plain,45,0.01727262115999637,0.008774486507202889,0.0936722291140917,0.0950349090805381,9.503490908053811,123.40151420899201,A_same_width
4,ResDyNet,46,0.0019527406376571548,0.005073465867375599,0.07122826592986523,0.07226444636397365,7.226444636397365,125.96182833399507,A_same_width
4,Plain,46,0.008558039570492641,0.019704149386244537,0.14037146927436694,0.1424134980682782,14.241349806827818,126.09104004199617,A_same_width
4,ResDyNet,47,0.0009035262396167165,0.0001189826382220123,0.010907916309818858,0.011066597267575931,1.106659726757593,128.63967058400158,A_same_width
4,Plain,47,0.016522473026436602,0.0031623191350993477,0.056234501287904644,0.057052562617851195,5.705256261785119,128.77084075001767,A_same_width
4,ResDyNet,48,8.990957620387495e-05,8.972365893002794e-05,0.00947225733022641,0.009610053296256034,0.9610053296256034,131.39781387499534,A_same_width
4,Plain,48,0.009691268937906056,0.007021799281736403,0.08379617701146277,0.08501518687979032,8.501518687979031,131.5288997089956,A_same_width
4,ResDyNet,49,7.469059772929114e-05,9.88817601758916e-05,0.009943930821153754,0.0100885883727661,1.00885883727661,134.07886070900713,A_same_width
4,Plain,49,0.007059083227660315,0.007960577413900785,0.08922206797592615,0.09052001002070902,9.052001002070902,134.20769229199504,A_same_width
4,ResDyNet,50,6.943640914036807e-05,8.235674512709072e-05,0.009075061714781377,0.009207079548775006,0.9207079548775007,136.79339337500278,A_same_width
4,Plain,50,0.00828254013634288,0.041312929517572275,0.20325582283804877,0.20621265049619747,20.621265049619748,136.9256092919968,A_same_width
