seed,model,epoch,train_loss,val_loss,val_rmse,val_nrmse,wall_time_sec,comparison
0,ResDyNet,0,1.6233038908096242,1.3548185190643673,1.1639667173353228,1.1263934497160195,0.012706333014648408,A_same_width
0,Plain,0,1.0920099668433478,1.9500832764207485,1.3964538218003302,1.3513757861631766,0.027736332995118573,A_same_width
0,ResDyNet,1,1.2471938842971717,2.1842178961976964,1.4779099756743292,1.430202505859063,0.3416493750119116,A_same_width
0,Plain,1,1.0510562043712621,2.04929285907736,1.4315351407064236,1.3853246673766233,0.3537932909966912,A_same_width
0,ResDyNet,2,0.9648428861297305,1.8314199917981284,1.3532996681438034,1.3096146642317605,0.6579036659968551,A_same_width
0,Plain,2,1.001295944689922,2.1528524242564577,1.4672601760616477,1.41989648563885,0.6699795410095248,A_same_width
0,ResDyNet,3,0.779549618470221,1.1910670626776585,1.0913601892490208,1.0561306866790658,0.9691889999958221,A_same_width
0,Plain,3,1.0129111777025581,2.2363451572885023,1.495441458997477,1.4471680665446873,0.9817960830114316,A_same_width
0,ResDyNet,4,0.6159365539175028,0.8328132275328954,0.9125860110328754,0.8831274037484091,1.2820808330143336,A_same_width
0,Plain,4,1.0031567405170523,2.1535562746117156,1.4675000083855931,1.42012857608843,1.294951374991797,A_same_width
0,ResDyNet,5,0.4605435098534658,1.210246452685313,1.1001120182441937,1.0646000034613923,1.5934654579905327,A_same_width
0,Plain,5,0.9976576180898301,2.0356023188814163,1.4267453588084373,1.3806895013747882,1.6055945830012206,A_same_width
0,ResDyNet,6,0.4029237155657556,1.1089675383002313,1.053075276654158,1.019081624942552,1.9045145830023102,A_same_width
0,Plain,6,0.9979842974725661,2.0329398070131584,1.425811981648758,1.3797862539682093,1.916525458014803,A_same_width
0,ResDyNet,7,0.370023651951297,1.0777173050145263,1.0381316414667874,1.0046203757166852,2.2216333330143243,A_same_width
0,Plain,7,0.9946885846205848,2.1522984925916004,1.467071399963751,1.4197138033018324,2.2335142499941867,A_same_width
0,ResDyNet,8,0.31036943472408735,1.1473846764890925,1.0711604345237424,1.0365829873595251,2.5317285830096807,A_same_width
0,Plain,8,0.9926253714618198,2.1845960375375792,1.4780379012520548,1.4303263019527617,2.543502082990017,A_same_width
0,ResDyNet,9,0.2886610312112137,0.9833702625321118,0.9916502722896373,0.9596394419878982,2.8414718749991152,A_same_width
0,Plain,9,0.9807236281717364,2.1731905163463843,1.4741745203151437,1.4265876323531215,2.853335249994416,A_same_width
0,ResDyNet,10,0.3091343527186527,1.1913804538618824,1.0915037580612732,1.0562696210380094,3.1566802500165068,A_same_width
0,Plain,10,0.722032797623373,1.124388389626208,1.0603718166879992,1.026142630018818,3.1686430409899913,A_same_width
0,ResDyNet,11,0.2609446138443374,1.1543745942214292,1.0744182585108228,1.0397356476072133,3.471823083003983,A_same_width
0,Plain,11,0.6832074949840138,1.125244544673062,1.0607754449802569,1.0265332290434706,3.4837118750147056,A_same_width
0,ResDyNet,12,0.24794658947368697,0.9488148869184982,0.9740712945767872,0.9426279200486898,3.7843185829988215,A_same_width
0,Plain,12,0.695325518189042,1.1922025358122241,1.0918802754021268,1.056633984262598,3.796208540996304,A_same_width
0,ResDyNet,13,0.22162064403901086,0.9145663368015214,0.9563296172353555,0.9254589504838954,4.097007083008066,A_same_width
0,Plain,13,0.698409247865963,1.288993233999441,1.135338378634071,1.0986892441669431,4.108869832998607,A_same_width
0,ResDyNet,14,0.21027669815056665,0.6561413412658116,0.8100255188978996,0.783877601481763,4.412924958014628,A_same_width
0,Plain,14,0.7137556782571957,1.5569207212238179,1.2477662927102247,1.2074879444171773,4.425203582999529,A_same_width
0,ResDyNet,15,0.1903358972029075,0.6003896105414521,0.774848120951101,0.7498357426938774,4.725192040990805,A_same_width
0,Plain,15,0.7130165633278169,1.5814756951040714,1.2575673719940699,1.2169726413084634,4.737400957994396,A_same_width
0,ResDyNet,16,0.1591049233629177,0.5388894898259934,0.7340909274919514,0.710394206215675,5.051952415989945,A_same_width
0,Plain,16,0.6909374938017463,1.7108022569856751,1.3079763977173575,1.2657544454061487,5.064239125000313,A_same_width
0,ResDyNet,17,0.11432726967408387,0.2733482344761744,0.5228271554502256,0.5059501053268834,5.364346249989467,A_same_width
0,Plain,17,0.6809775998937714,1.6643378508648556,1.2900921869637285,1.2484475434593767,5.376752208016114,A_same_width
0,ResDyNet,18,0.08412057670724657,0.1565458966169583,0.3956588133947711,0.38288680345650505,5.697302415996091,A_same_width
0,Plain,18,0.6746078977381218,1.5512790454344687,1.2455035308799685,1.205298225359142,5.709490708017256,A_same_width
0,ResDyNet,19,0.0840658307085885,0.2324454546805783,0.48212597387050027,0.4665627726443309,6.009282707993407,A_same_width
0,Plain,19,0.6717306150360886,1.5736076054946435,1.2544351738908806,1.21394155169559,6.021153083012905,A_same_width
0,ResDyNet,20,0.11197745104190228,0.2731252899527936,0.5226139014155609,0.5057437352097706,6.324179749994073,A_same_width
0,Plain,20,0.6788522687428826,1.5135357253129347,1.230258397781919,1.190545210684458,6.335989500017604,A_same_width
0,ResDyNet,21,0.09553041855500218,0.5836997054335966,0.7640024250181386,0.7393401497576225,6.638439916016068,A_same_width
0,Plain,21,0.7319663347847022,1.5925425572754301,1.2619598081061973,1.2212232879904605,6.650468083011219,A_same_width
0,ResDyNet,22,0.13513007876964214,0.22100712609807804,0.4701139501206894,0.454938501375995,6.950398790999316,A_same_width
0,Plain,22,0.7886648218134201,1.6275364492379367,1.2757493677199832,1.2345677156206556,6.962449540995294,A_same_width
0,ResDyNet,23,0.09555761054662869,0.3064523936167535,0.5535814245589835,0.5357116154791783,7.268419958010782,A_same_width
0,Plain,23,0.7812512529760199,1.6724730832887076,1.2932413089940746,1.2514950106889025,7.280290708004031,A_same_width
0,ResDyNet,24,0.0847908534222497,0.1865536738741006,0.43191859635132707,0.4179761074736258,7.581321208010195,A_same_width
0,Plain,24,0.7279309813410284,1.6310561505662515,1.2771280869851118,1.2359019293280658,7.5930942080158275,A_same_width
0,ResDyNet,25,0.07794109021293902,0.27634447655315236,0.5256847691850625,0.5087154742543624,7.892183791002026,A_same_width
0,Plain,25,0.6915086263606461,1.6433693206442324,1.2819396712186701,1.2405581938781765,7.9041218330094125,A_same_width
0,ResDyNet,26,0.07250279802260155,0.21617714158287407,0.4649485364885818,0.4499398291685974,8.204573416005587,A_same_width
0,Plain,26,0.6870611513213676,1.6367563611664242,1.2793577924749682,1.2380596591163537,8.216455749992747,A_same_width
0,ResDyNet,27,0.07300741794704486,0.2349497793785814,0.48471618435800284,0.4690693701982437,8.515705916011939,A_same_width
0,Plain,27,0.6778034465125445,1.6241059335215813,1.2744041484245023,1.2332659204917278,8.527758165990235,A_same_width
0,ResDyNet,28,0.07354181756280052,0.2324971216560641,0.4821795533367877,0.4666146225460219,8.826436541014118,A_same_width
0,Plain,28,0.6679563139719066,1.6966013118855774,1.3025364915754096,1.2604901414066427,8.83830187501735,A_same_width
0,ResDyNet,29,0.06835204670432711,0.20352178602628898,0.451133889246074,0.4365711237474308,9.137221250013681,A_same_width
0,Plain,29,0.6655886398923062,1.6685519263785826,1.2917244003186525,1.2500270683754622,9.149131332989782,A_same_width
0,ResDyNet,30,0.06478133588298632,0.22179672221419583,0.4709529936354539,0.4557504602619166,9.44830770799308,A_same_width
0,Plain,30,0.6556955286161908,1.741383456499498,1.319614889465672,1.2770172424214166,9.460011040995596,A_same_width
0,ResDyNet,31,0.06531477100544611,0.1853055667474699,0.43047133092398837,0.41657556029897225,9.758177250012523,A_same_width
0,Plain,31,0.6623769069826897,1.6949669027580878,1.3019089456479236,1.259882852889206,9.77004895801656,A_same_width
0,ResDyNet,32,0.060238392023374415,0.2343696106454783,0.4841173521425134,0.46848986850377045,10.068090250017121,A_same_width
0,Plain,32,0.6629485210029727,1.7398449662107573,1.3190318291120793,1.27645300346742,10.080175875016721,A_same_width
0,ResDyNet,33,0.0639789962481938,0.18778776252932597,0.43334485404735795,0.4193563250541543,10.380730583012337,A_same_width
0,Plain,33,0.6703246563655191,1.7481949804841705,1.3221932462708206,1.279512368934139,10.392440166004235,A_same_width
0,ResDyNet,34,0.060939645516580605,0.20165911706552234,0.4490647136722305,0.4345687419112685,10.691562249994604,A_same_width
0,Plain,34,0.6604215169689115,1.7055843466308798,1.3059802244409675,1.2638227093268117,10.703372332995059,A_same_width
0,ResDyNet,35,0.05678341710985295,0.16045602826283786,0.4005696297310093,0.38763909686104536,11.001672749989666,A_same_width
0,Plain,35,0.664824389375705,1.7881943944053351,1.3372338592801691,1.294067465502732,11.01322049999726,A_same_width
0,ResDyNet,36,0.056281793599641756,0.23652722979376312,0.4863406520061459,0.47064139944177125,11.312274374999106,A_same_width
0,Plain,36,0.6524482021696496,1.749773010089374,1.3227898586281095,1.2800897224282393,11.324291916011134,A_same_width
0,ResDyNet,37,0.0560730302134895,0.17778536776751333,0.4216460218803367,0.4080351354307713,11.624408375006169,A_same_width
0,Plain,37,0.6576982747625304,1.7769432938166592,1.3330203651169996,1.289989984458707,11.63590141601162,A_same_width
0,ResDyNet,38,0.05934969600906097,0.20474446029413204,0.45248697251316755,0.4378805289961167,11.936012165999273,A_same_width
0,Plain,38,0.6615934635007037,1.816660091205065,1.3478353353451842,1.3043267220769164,11.947626333014341,A_same_width
0,ResDyNet,39,0.055487229731757834,0.20057637909273932,0.44785754330226407,0.43340053943849133,12.247829708008794,A_same_width
0,Plain,39,0.6646645523783784,1.7895377709329023,1.3377360617599057,1.2945534567043546,12.259934083005646,A_same_width
0,ResDyNet,40,0.05674050119110779,0.1820333983430099,0.4266537218201781,0.4128811850010664,12.557495874993037,A_same_width
0,Plain,40,0.5927543122184772,1.7708832933327956,1.330745390122692,1.2877884464819835,12.569069749995833,A_same_width
0,ResDyNet,41,0.05196604902263691,0.18828925536997976,0.4339230984517646,0.4199159035195503,12.867953665991081,A_same_width
0,Plain,41,0.5429237403932902,1.7261225361338624,1.3138198263589502,1.271409246052718,12.880000625009416,A_same_width
0,ResDyNet,42,0.05165704296671317,0.23255382018426096,0.4822383437515737,0.46667151518490474,13.178540207998594,A_same_width
0,Plain,42,0.5269942715829197,1.633432499765127,1.2780580971791256,1.2368019184558516,13.19002912499127,A_same_width
0,ResDyNet,43,0.05168563632712131,0.1638693496296781,0.40480779343989676,0.3917404511089089,13.489868291013408,A_same_width
0,Plain,43,0.5050528518676075,1.575166191437256,1.2550562503080314,1.2145425795408304,13.501668625016464,A_same_width
0,ResDyNet,44,0.05205095664062124,0.21583392011098096,0.4645792936743748,0.4495825056462981,13.799371708009858,A_same_width
0,Plain,44,0.4980588735628312,1.5655872058021467,1.2512342729489736,1.2108439769965402,13.8109379580128,A_same_width
0,ResDyNet,45,0.051634972494561546,0.18781668416319083,0.4333782229914083,0.4193886168365932,14.108579791005468,A_same_width
0,Plain,45,0.5026495294496324,1.7336859378403393,1.3166950815736873,1.2741916869867302,14.120190499990713,A_same_width
0,ResDyNet,46,0.051963299408744695,0.20024015989315846,0.4474820218658605,0.43303713997019616,14.417774916015333,A_same_width
0,Plain,46,0.6015250048409544,1.6060417058962584,1.2672970077674208,1.2263882009116749,14.429353915998945,A_same_width
0,ResDyNet,47,0.051407573043756656,0.1842327398259697,0.4292234148156059,0.415367927374987,14.731919540994568,A_same_width
0,Plain,47,0.6046215711670329,1.7469304033119688,1.3217149478279984,1.2790495101384531,14.743289790989365,A_same_width
0,ResDyNet,48,0.04972391458189442,0.18434231713232702,0.42935104184376566,0.41549143455640797,15.039255000010598,A_same_width
0,Plain,48,0.5287375442066456,1.6874966195433039,1.2990368045376173,1.2571034255352045,15.050800083001377,A_same_width
0,ResDyNet,49,0.048086939443219026,0.18481974391326983,0.4299066688401912,0.4160291257119523,15.347362666012486,A_same_width
0,Plain,49,0.5221902019495029,1.6706388341158087,1.2925319470387604,1.2508085471946775,15.358848875010153,A_same_width
0,ResDyNet,50,0.046090230390696325,0.20185483846405042,0.4492825819726939,0.43477957734400713,15.657723540993175,A_same_width
0,Plain,50,0.5127961144073134,1.6481527070372413,1.2838039986840832,1.2423623401771138,15.66942133300472,A_same_width
0,ResDyNet,51,0.04638614524284511,0.16929829405166946,0.4114587391849509,0.3981767019140833,15.969651583000086,A_same_width
0,Plain,51,0.4767617123478054,1.7841535098969634,1.3357220930631355,1.292604499647259,15.9811766250059,A_same_width
0,ResDyNet,52,0.046510901592419156,0.19503900176799946,0.44163220191466956,0.4273761543278195,16.27700183299021,A_same_width
0,Plain,52,0.43032681122829575,1.5425546174426028,1.2419962227972365,1.2019041344528578,16.288411000015913,A_same_width
0,ResDyNet,53,0.046388264061772766,0.2079792035202334,0.4560473698205411,0.4413259953876241,16.586532624991378,A_same_width
0,Plain,53,0.5320148431037927,1.7727397408793462,1.331442729102287,1.2884632751065044,16.598125582997454,A_same_width
0,ResDyNet,54,0.045968908973579165,0.15540749750997365,0.3942175763585049,0.38149209007427465,16.89486883301288,A_same_width
0,Plain,54,0.4924797364801964,1.8267150172050661,1.3515602159005222,1.3079313621375124,16.9068839160027,A_same_width
0,ResDyNet,55,0.042980459617789894,0.19178154728117006,0.43792870113886123,0.423792203899719,17.204202958004316,A_same_width
0,Plain,55,0.47872187588369586,1.7024369907129626,1.3047746896353265,1.2626560896217507,17.215704208007082,A_same_width
0,ResDyNet,56,0.04593217116441805,0.20002191654358312,0.4472380982693481,0.4328010903158111,17.511852458002977,A_same_width
0,Plain,56,0.4809761650843767,1.7173865081137447,1.3104909416374249,1.2681878189368552,17.52312462500413,A_same_width
0,ResDyNet,57,0.046957816658204365,0.1974493956807343,0.444352782910982,0.43000891398325336,17.819553708017338,A_same_width
0,Plain,57,0.4886891906657541,1.7016676990043134,1.304479857646071,1.2623707749159965,17.831093707995024,A_same_width
0,ResDyNet,58,0.04345903559750032,0.17794337014517086,0.4218333440414246,0.40821641076458764,18.12947579100728,A_same_width
0,Plain,58,0.46005605211264033,1.6603141436092024,1.2885317782690509,1.2469375053230727,18.140869249997195,A_same_width
0,ResDyNet,59,0.04212942148245282,0.16515210477914669,0.4063891051432687,0.3932707174972083,18.4360769999912,A_same_width
0,Plain,59,0.4330738948057274,1.7276467538125309,1.3143997694052334,1.271970468327215,18.447605499997735,A_same_width
0,ResDyNet,60,0.04527059978842795,0.17836823719196174,0.4223366396513115,0.40870345980972295,18.742853333009407,A_same_width
0,Plain,60,0.4448185027986617,1.6404681835778203,1.2808076294189616,1.2394626947981722,18.754377915989608,A_same_width
1,ResDyNet,0,1.1749352353705407,1.416888746195647,1.1903313598303824,1.1519070319931188,0.012112083990359679,A_same_width
1,Plain,0,1.0477333386244383,1.874819064045905,1.3692403236999358,1.3250407496474264,0.024188292009057477,A_same_width
1,ResDyNet,1,1.0058933678818736,2.552420232725033,1.597629566803592,1.5460575051836123,0.3204319590004161,A_same_width
1,Plain,1,1.0226746972108678,2.0780152438118273,1.4415322555571997,1.3949990717356688,0.331919416988967,A_same_width
1,ResDyNet,2,0.8547764620149574,1.711987037762638,1.308429225354829,1.2661926556033147,0.6290772089851089,A_same_width
1,Plain,2,1.009124141671893,2.2807880687687163,1.5102278201545343,1.4614771186029571,0.6406853749940637,A_same_width
1,ResDyNet,3,0.5308414367403494,1.2986345700469608,1.1395764871420262,1.1027905449957804,0.9394843339978252,A_same_width
1,Plain,3,1.0000416299009154,2.082081405644476,1.4429419273291895,1.3963632387917975,0.9517920840007719,A_same_width
1,ResDyNet,4,0.6982776740303929,0.6453855202048617,0.80335889875252,0.7774261822515882,1.2532475840125699,A_same_width
1,Plain,4,0.9976938753331447,1.920177450421796,1.3857046764811745,1.340973627151911,1.2654136249911971,A_same_width
1,ResDyNet,5,0.3465787223490825,0.8049050637188544,0.8971650147653186,0.8682042028310869,1.5621278749895282,A_same_width
1,Plain,5,0.9971671582546375,2.0457540486468586,1.4302985872351475,1.3841280302996992,1.5736573339963797,A_same_width
1,ResDyNet,6,0.23312905834757194,0.7700230480397547,0.8775095714804225,0.8491832443812986,1.8771115420095157,A_same_width
1,Plain,6,0.9938747529180842,2.073473247880326,1.439955988174752,1.3934736868357855,1.8889165419968776,A_same_width
1,ResDyNet,7,0.1619739167940081,0.5938512585834113,0.7706174528152158,0.7457416420592022,2.1855109999887645,A_same_width
1,Plain,7,0.9884253585572031,2.1747020705143183,1.4746871093605987,1.4270836748383555,2.197638417012058,A_same_width
1,ResDyNet,8,0.1084812844194621,0.45015413952348393,0.6709352722308494,0.6492772384028106,2.497274416993605,A_same_width
1,Plain,8,0.9243637559127043,1.8180989012049908,1.3483689781380284,1.304843138686941,2.510623874986777,A_same_width
1,ResDyNet,9,0.08991498007890626,0.3737694578988184,0.611366876677841,0.5916317322541397,2.8066544999892358,A_same_width
1,Plain,9,0.6260263329376587,1.1454060292535446,1.0702364361455579,1.035688815983974,2.818687791994307,A_same_width
1,ResDyNet,10,0.08618968512240105,0.28812087513791773,0.5367689215462439,0.5194418261588836,3.1139320420043077,A_same_width
1,Plain,10,0.6825042241346883,1.2982761089240573,1.1394191980671808,1.1026383332692946,3.1264807090046816,A_same_width
1,ResDyNet,11,0.10364602127332884,0.28841978497917964,0.5370472837462076,0.5197112027261153,3.4240965839999262,A_same_width
1,Plain,11,0.6755041605958134,1.4139810351987496,1.1891093453500183,1.150724464583209,3.435630333988229,A_same_width
1,ResDyNet,12,0.06846054082192364,0.24261767838374512,0.49256235989338965,0.47666226834280095,3.7355190420057625,A_same_width
1,Plain,12,0.632100379130091,1.622020325519725,1.2735856176636595,1.2324738122005945,3.748213584010955,A_same_width
1,ResDyNet,13,0.07870012788875246,0.22466084118326346,0.4739840094172624,0.45868363375542587,4.065390042000217,A_same_width
1,Plain,13,0.6106053489696353,1.6433021539932693,1.2819134736764684,1.2405328420021344,4.077493624994531,A_same_width
1,ResDyNet,14,0.05120944674357075,0.23422621493863827,0.48396922933037617,0.46834652714970937,4.373189917008858,A_same_width
1,Plain,14,0.5635512203176597,1.4959084453698022,1.2230733605838213,1.1835921090919734,4.384652999986429,A_same_width
1,ResDyNet,15,0.047900657744777024,0.19870374059822102,0.4457619775151544,0.4313726192747146,4.6819862500124145,A_same_width
1,Plain,15,0.5878069537842673,1.4622984904711824,1.209255345438333,1.1702201444849556,4.694493833987508,A_same_width
1,ResDyNet,16,0.058552801124451374,0.22165127216310376,0.47079854732475945,0.45560099953412425,5.010586749995127,A_same_width
1,Plain,16,0.4996004766152217,1.3328924362015644,1.154509608535834,1.1172416198171522,5.0221817920100875,A_same_width
1,ResDyNet,17,0.03994879474179115,0.1797371122523492,0.4239541393268253,0.4102687460093039,5.317914624989498,A_same_width
1,Plain,17,0.49078191524162806,1.3439987025222935,1.1593095801045954,1.1218866465634956,5.330157916992903,A_same_width
1,ResDyNet,18,0.048893833120853464,0.15025449131220014,0.38762674225625887,0.37511401048628573,5.6244033749972004,A_same_width
1,Plain,18,0.434607902466125,1.3579057112004536,1.1652921141072112,1.1276760621996031,5.636499791988172,A_same_width
1,ResDyNet,19,0.04409881271041549,0.16373173387767523,0.4046377810804068,0.39157592681001946,5.932024084002478,A_same_width
1,Plain,19,0.43988520472411297,1.5155260073565495,1.2310670198476399,1.1913277301367402,5.943465624994133,A_same_width
1,ResDyNet,20,0.04254853754830512,0.1687532978435508,0.4107959321166056,0.39753529049819775,6.238787167007104,A_same_width
1,Plain,20,0.46161738079686254,1.6642700773187502,1.290065919757107,1.2484221241677076,6.2502802920062095,A_same_width
1,ResDyNet,21,0.04084901739167728,0.17859272970582216,0.4226023304547931,0.4089605740177448,6.548827541992068,A_same_width
1,Plain,21,0.46372380054138757,1.7222768661464483,1.3123554648594444,1.2699921546733048,6.560212167009013,A_same_width
1,ResDyNet,22,0.04206044142778203,0.1713851121379784,0.4139868501993492,0.4006232045883971,6.8551696249924134,A_same_width
1,Plain,22,0.4172274975669933,1.6590401950289997,1.2880373422494396,1.246459029877427,6.866670459014131,A_same_width
1,ResDyNet,23,0.0394316799919789,0.18968528584935831,0.43552874285098375,0.42146971713545345,7.161464375007199,A_same_width
1,Plain,23,0.3840357270215547,1.5496274629586666,1.244840336331799,1.2046564389714216,7.173126334004337,A_same_width
1,ResDyNet,24,0.03801930567127633,0.16545799132852362,0.40676527792883654,0.3936347472888806,7.467821083992021,A_same_width
1,Plain,24,0.37207396665892234,1.529292788798448,1.2366457814582346,1.1967264073000243,7.479189834004501,A_same_width
1,ResDyNet,25,0.03908754446503764,0.18918226164252372,0.4349508726770458,0.4209105008202309,7.776738749991637,A_same_width
1,Plain,25,0.380367411651193,1.6362967049548733,1.2791781365216002,1.2378858025222927,7.788271083991276,A_same_width
1,ResDyNet,26,0.037408483347302623,0.15655514168431597,0.3956704963531094,0.3828981092847127,8.082072666991735,A_same_width
1,Plain,26,0.45963266752285376,1.6837173172637772,1.2975813335832853,1.2556949377109439,8.09349333398859,A_same_width
1,ResDyNet,27,0.03579659976483997,0.18882987225155753,0.43454559283412086,0.4205183035575655,8.389124375011306,A_same_width
1,Plain,27,0.4431639233137871,1.5906081823252198,1.2611931582137685,1.2204813858345,8.400556375010638,A_same_width
1,ResDyNet,28,0.03757562569536188,0.16759127924538655,0.40937913875207,0.3961642317371127,8.697430708998581,A_same_width
1,Plain,28,0.46111581776165134,1.781529580619306,1.334739517890778,1.2916536423576872,8.708750041987514,A_same_width
1,ResDyNet,29,0.0368651445322905,0.18116427267535173,0.42563396560348865,0.41189434688475346,9.005387417011661,A_same_width
1,Plain,29,0.4645139868651098,1.7558433614053175,1.3250823979682613,1.2823082577673552,9.016924166993704,A_same_width
1,ResDyNet,30,0.03539209596750146,0.16416632517406024,0.40517443795735714,0.3920952602084226,9.31297408399405,A_same_width
1,Plain,30,0.46460033337977436,1.7372042115319188,1.3180304289097118,1.275483928826632,9.324482583993813,A_same_width
1,ResDyNet,31,0.035091160715244984,0.1749032815633443,0.4182143966476337,0.4047142843046791,9.620152458985103,A_same_width
1,Plain,31,0.4042713101525215,1.7681777164452241,1.3297284371048188,1.2868043210762128,9.631656499987002,A_same_width
1,ResDyNet,32,0.033455565086214646,0.15482656899637512,0.39348007445914607,0.38077839500360056,9.927418667008169,A_same_width
1,Plain,32,0.40350379659662267,1.6718273574330849,1.2929916308441771,1.2512533922402018,9.938968166999985,A_same_width
1,ResDyNet,33,0.03324743137521281,0.18900212500595104,0.4347437463678472,0.4207100606233847,10.23370545898797,A_same_width
1,Plain,33,0.4061378100357083,1.763672814290517,1.3280334386944166,1.285164037829002,10.245223292004084,A_same_width
1,ResDyNet,34,0.03530248555550442,0.16640810325686023,0.40793149333786455,0.39476331684170624,10.53969354199944,A_same_width
1,Plain,34,0.42328879381220524,1.7813716510369442,1.3346803553798732,1.2915963896340832,10.551246833987534,A_same_width
1,ResDyNet,35,0.033795101035207706,0.17733235149153054,0.42110847948186764,0.4075149450958051,10.845876084000338,A_same_width
1,Plain,35,0.4548182604580472,1.711345574145764,1.3081840750237574,1.2659554188138067,10.857373875012854,A_same_width
1,ResDyNet,36,0.032338879614463516,0.17075376670946732,0.4132236279661018,0.399884619445537,11.151725333998911,A_same_width
1,Plain,36,0.41043538984252054,1.7474189833662193,1.3218997629798634,1.2792283593902132,11.162835791998077,A_same_width
1,ResDyNet,37,0.032597103662652,0.16598026770773747,0.4074067595263209,0.39425552162783584,11.457557958987309,A_same_width
1,Plain,37,0.41947735454375085,1.6794966395583786,1.2959539496287584,1.2541200863004598,11.471313916990766,A_same_width
1,ResDyNet,38,0.03251210568766458,0.19397109254888936,0.4404214941949239,0.4262045286921964,11.778183374990476,A_same_width
1,Plain,38,0.4160061332846482,1.641553100057062,1.2812310876875654,1.2398724836803452,11.789847709005699,A_same_width
1,ResDyNet,39,0.03018736742508595,0.16212276544063273,0.40264471366284293,0.3896471963312599,12.095281833986519,A_same_width
1,Plain,39,0.4145798839536435,1.6954998429034973,1.3021136059896992,1.2600809067209517,12.106995084002847,A_same_width
1,ResDyNet,40,0.030918377468066048,0.18377584848312858,0.4286908542098007,0.4148525580186114,12.40493091699318,A_same_width
1,Plain,40,0.38697621853823033,1.6298912821295428,1.2766719555663244,1.2354605219968424,12.416514334006933,A_same_width
1,ResDyNet,41,0.029157830712275724,0.16108043026241306,0.4013482655530145,0.38839259803643017,12.713423084001988,A_same_width
1,Plain,41,0.3797634706109331,1.6078027265916366,1.2679916114042855,1.2270603824913204,12.724843542004237,A_same_width
1,ResDyNet,42,0.030014545270556355,0.18464124295698633,0.42969901437749,0.41582817441058995,13.021673292008927,A_same_width
1,Plain,42,0.43538858792253055,1.7991702760180264,1.3413315309862905,1.2980328628806126,13.03322266699979,A_same_width
1,ResDyNet,43,0.030332901727582018,0.16998246160694747,0.4122892935875821,0.3989804457194889,13.32909479198861,A_same_width
1,Plain,43,0.4065969195358335,1.6267292963944047,1.2754329838899434,1.234261544775351,13.340653333987575,A_same_width
1,ResDyNet,44,0.029400966085710984,0.19320926207667183,0.4395557553674753,0.4253667362279622,13.6353583339951,A_same_width
1,Plain,44,0.4041551284778685,1.6237452830443784,1.2742626428819055,1.2331289827993472,13.646870416996535,A_same_width
1,ResDyNet,45,0.028348323905274662,0.17655044517140844,0.4201790632235362,0.40661553073124257,13.94155824999325,A_same_width
1,Plain,45,0.3633759368061925,1.6030397795520033,1.2661120722716466,1.2252415155632899,13.953108958987286,A_same_width
1,ResDyNet,46,0.029271112332588223,0.181757589948841,0.426330376526047,0.41256827741025526,14.248761958995601,A_same_width
1,Plain,46,0.36170542116909793,1.6016701375755649,1.265571071720417,1.2247179787059879,14.260229084000457,A_same_width
1,ResDyNet,47,0.02837277409209514,0.18248204924968858,0.4271791769851248,0.4133896782827905,14.554861499986146,A_same_width
1,Plain,47,0.370248476892214,1.6170538945067288,1.2716343399368895,1.2305855224262594,14.566450084006647,A_same_width
1,ResDyNet,48,0.027461512972353462,0.17375763798190866,0.4168424618268977,0.4033866360373368,14.860659250000026,A_same_width
1,Plain,48,0.37233673318334126,1.6567118337710396,1.287133184162012,1.2455840583408544,14.87220516699017,A_same_width
1,ResDyNet,49,0.02849575753581459,0.17200411947691163,0.4147337935072468,0.40134603629551946,15.16724491698551,A_same_width
1,Plain,49,0.38565268515355516,1.6784188678995011,1.2955380611543224,1.2537176228567546,15.178779125009896,A_same_width
1,ResDyNet,50,0.028592342527134166,0.16000810466908874,0.40001013070807184,0.38709765866940876,15.473031917004846,A_same_width
1,Plain,50,0.3995585900509995,1.6143127797619237,1.2705560907578712,1.2295420795216476,15.484537209005794,A_same_width
1,ResDyNet,51,0.026937325545849714,0.18617107226985322,0.4314754596380346,0.41754727537409286,15.781888500001514,A_same_width
1,Plain,51,0.4186353871887531,1.551470405400443,1.2455803488336041,1.2053725636013848,15.793312875000993,A_same_width
1,ResDyNet,52,0.028912518824529058,0.18829665253821992,0.4339316219615942,0.4199241518873925,16.08931287500309,A_same_width
1,Plain,52,0.4740445824757684,1.6496900952512716,1.2844026219419173,1.2429416396591606,16.10106587500195,A_same_width
1,ResDyNet,53,0.030413425916504908,0.1713472155065872,0.4139410773366026,0.40057890929025447,16.398067250003805,A_same_width
1,Plain,53,0.4642160365886836,1.7305565962045195,1.3155062129098896,1.2730411954344116,16.409550084004877,A_same_width
1,ResDyNet,54,0.026095253664312132,0.18063697292310504,0.42501408555847303,0.41129447679232184,16.707128000009106,A_same_width
1,Plain,54,0.3979841256703939,1.5232521525231657,1.2342010178747893,1.1943605615713757,16.71873616700759,A_same_width
1,ResDyNet,55,0.03060295958836645,0.18390117796275737,0.42883700628881993,0.414993992255534,17.015876124991337,A_same_width
1,Plain,55,0.38062877550600926,1.6868658152707616,1.2987939849224595,1.2568684442252558,17.027342084009433,A_same_width
1,ResDyNet,56,0.029604663147130485,0.1782290535799047,0.42217182944851345,0.4085439697400214,17.323666999989655,A_same_width
1,Plain,56,0.3788852112820575,1.6098486368529734,1.2687981072073578,1.227840844317483,17.335180666996166,A_same_width
1,ResDyNet,57,0.027921547412086845,0.20468574615060925,0.45242208848663573,0.4378177394494843,17.630040291987825,A_same_width
1,Plain,57,0.4053380218809054,1.6654095468115124,1.2905074764647868,1.2488494272647819,17.6414697089931,A_same_width
1,ResDyNet,58,0.025604450414120572,0.18851443219618597,0.4341824872057669,0.42016691911053483,17.936180999997305,A_same_width
1,Plain,58,0.37050815787048114,1.6165902462749282,1.2714520227971358,1.2304090905498741,17.947800666996045,A_same_width
1,ResDyNet,59,0.022205890515362484,0.15426951492468252,0.39277158110622323,0.38009277207296677,18.24315054199542,A_same_width
1,Plain,59,0.3655012833259969,1.5855100481593674,1.259170380909338,1.2185239045147929,18.254749541985802,A_same_width
1,ResDyNet,60,0.022974629842773917,0.1821671308858844,0.42681041562488187,0.4130328206729467,18.549737875000574,A_same_width
1,Plain,60,0.3627602244917761,1.6452909090851715,1.2826889369933663,1.241283273082027,18.56116529199062,A_same_width
2,ResDyNet,0,1.2580564248748658,1.360467376556699,1.1663907478013957,1.1287392315998415,0.012343125010374933,A_same_width
2,Plain,0,1.1402977242627057,1.8362295810639448,1.3550754890647032,1.3113331610095287,0.031359124986920506,A_same_width
2,ResDyNet,1,1.0648993223931853,2.501609628730247,1.5816477574764387,1.5305915944555741,0.3281110000098124,A_same_width
2,Plain,1,1.0830783404146176,1.9247764717420521,1.3873631362199488,1.3425785512090609,0.33956379198934883,A_same_width
2,ResDyNet,2,0.9389108916541472,1.773209862302932,1.3316192632666937,1.2886341106840835,0.6352821250038687,A_same_width
2,Plain,2,1.011156016321295,2.196493700267877,1.4820572526956834,1.4342159072746168,0.6468296670063864,A_same_width
2,ResDyNet,3,0.5481781053465644,1.0972072965962762,1.0474766329595502,1.0136637074961345,0.9465219999838155,A_same_width
2,Plain,3,1.005198997834623,2.2684728770594993,1.506145038520361,1.457526130640104,0.9592355839849915,A_same_width
2,ResDyNet,4,0.48709327184874274,1.1011896781903099,1.0493758517282117,1.0155016187944021,1.2678483749914449,A_same_width
2,Plain,4,1.0019377404214085,2.11926475712807,1.4557694725223735,1.4087767061756558,1.2795814590062946,A_same_width
2,ResDyNet,5,0.39165442310090176,1.6761266112993938,1.2946530853087224,1.252861214352289,1.5777961669955403,A_same_width
2,Plain,5,0.9945314984759144,2.0481672527523656,1.4311419401136862,1.3849441594415701,1.589503124996554,A_same_width
2,ResDyNet,6,0.3822069320099705,1.0494100005322793,1.0244071458811088,0.9913389118241819,1.9108071670052595,A_same_width
2,Plain,6,0.9936202707592844,2.0923594631606526,1.4464990366953767,1.399805523378052,1.9241444589861203,A_same_width
2,ResDyNet,7,0.39923966784678794,1.0731768707950946,1.0359425036145078,1.0025019040279257,2.2257604170008563,A_same_width
2,Plain,7,0.9840057501467764,2.1149972600066222,1.4543030151954655,1.4073575866229087,2.2373311249830294,A_same_width
2,ResDyNet,8,0.3932452420435049,1.4518469407350494,1.2049261142223822,1.1660306624221723,2.5424620420089923,A_same_width
2,Plain,8,0.7002875079010639,1.2421008326879517,1.1144957750875288,1.0785194474191468,2.553969208995113,A_same_width
2,ResDyNet,9,0.3401408683587021,1.0588710463827797,1.029014599693697,0.9957976353573165,2.853145291999681,A_same_width
2,Plain,9,0.739492364874917,1.202512822881742,1.0965914566882884,1.0611930869088537,2.864835624990519,A_same_width
2,ResDyNet,10,0.33917274994171176,1.1615244351078435,1.0777404303021407,1.0429505784886894,3.1653443749819417,A_same_width
2,Plain,10,0.5856384269835924,1.308982922552699,1.1441079156061718,1.1071756973062823,3.1769592089985963,A_same_width
2,ResDyNet,11,0.25384483370778094,1.0252646756038888,1.0125535420924114,0.9798679466631812,3.4827261669852305,A_same_width
2,Plain,11,0.597739509352369,1.4043806414168052,1.1850656696642619,1.1468113202145804,3.50068158400245,A_same_width
2,ResDyNet,12,0.20651171494481113,0.7564252389278038,0.8697271060095826,0.8416519997173072,3.84496233399841,A_same_width
2,Plain,12,0.6533019650061135,1.6297750518617053,1.2766264339507094,1.2354164698354828,3.862360875005834,A_same_width
2,ResDyNet,13,0.18521067098190527,0.5024400842014246,0.708830081332208,0.6859487893280185,4.17983904198627,A_same_width
2,Plain,13,0.7097694554529747,1.6662174673636607,1.2908204628698992,1.2491523103552673,4.191884041996673,A_same_width
2,ResDyNet,14,0.1443654412163003,0.4628144569771494,0.6803046795202495,0.6583441978281303,4.4841922920022625,A_same_width
2,Plain,14,0.6997121719631917,1.5866267902230466,1.2596137464409662,1.2189529580463228,4.49616874998901,A_same_width
2,ResDyNet,15,0.10155483752142251,0.2147957423104612,0.46346061570586683,0.4484999390081783,4.787878417002503,A_same_width
2,Plain,15,0.6740569906580599,1.537451543728214,1.2399401371551022,1.1999144200006635,4.799942084006034,A_same_width
2,ResDyNet,16,0.10149897023693451,0.5884759829618824,0.7671218827291283,0.7423589102427753,5.090046166995307,A_same_width
2,Plain,16,0.5801597134151578,1.4651693346478158,1.2104417931680216,1.171368293251796,5.101474499999313,A_same_width
2,ResDyNet,17,0.10934456567327104,0.20959956557608742,0.45782045124271964,0.443041841098683,5.393633833999047,A_same_width
2,Plain,17,0.5241187438595383,1.3856164911202546,1.177122122432611,1.1391241935674155,5.4056080839945935,A_same_width
2,ResDyNet,18,0.08009217645586306,0.23809042075560494,0.4879451001450931,0.4721940554131177,5.7450296669849195,A_same_width
2,Plain,18,0.5326484652039104,1.3685474468373862,1.1698493265533756,1.1320861661758366,5.756574250000995,A_same_width
2,ResDyNet,19,0.0632235603643747,0.2608468206266207,0.5107316522662568,0.4942450493707888,6.049612458999036,A_same_width
2,Plain,19,0.5435222412924754,1.3513880841532697,1.162492186706332,1.124966517470308,6.061043791996781,A_same_width
2,ResDyNet,20,0.0624404406452442,0.18499431813665504,0.43010965826944064,0.41622556256883386,6.367532083997503,A_same_width
2,Plain,20,0.5289784752429675,1.4024008956670342,1.1842300856113368,1.1460027091178158,6.383714583993424,A_same_width
2,ResDyNet,21,0.04636190646374893,0.27517571906229754,0.5245719388818826,0.5076385665168138,6.689915666996967,A_same_width
2,Plain,21,0.499325149329838,1.428744154261548,1.1953008634906728,1.1567161182736145,6.70160025000223,A_same_width
2,ResDyNet,22,0.04967751867046914,0.14077993621673707,0.37520652475235167,0.363094722106222,6.992977624991909,A_same_width
2,Plain,22,0.48031843813329766,1.3920631401544656,1.1798572541432568,1.1417710342348488,7.005034458998125,A_same_width
2,ResDyNet,23,0.03946677860754055,0.19213972581509176,0.43833745655042045,0.4241877645384031,7.296761250006966,A_same_width
2,Plain,23,0.4939534450412192,1.3391490136475004,1.157216061782544,1.1198607077718628,7.308242917002644,A_same_width
2,ResDyNet,24,0.05207732835391735,0.16893162896248098,0.41101293040789,0.3977452840059691,7.596882124984404,A_same_width
2,Plain,24,0.48351133748983066,1.3954993246313685,1.1813125431617868,1.1431793459962611,7.6082832920074,A_same_width
2,ResDyNet,25,0.041461065105410616,0.1780809909563218,0.4219964347673115,0.4083742368627161,7.9224388749862555,A_same_width
2,Plain,25,0.4619507527808765,1.525267514471123,1.2350172122165435,1.1951504088638754,7.943235541984905,A_same_width
2,ResDyNet,26,0.038873540135722605,0.18033860655563386,0.4246629328722179,0.4109546594420857,8.254070875002071,A_same_width
2,Plain,26,0.46459681306118955,1.5431399476833398,1.2422318413578601,1.2021321471609234,8.265993749984773,A_same_width
2,ResDyNet,27,0.03764081570944042,0.19463260337952298,0.441171852433406,0.42693066509470595,8.57263549999334,A_same_width
2,Plain,27,0.48152578450549444,1.541660648530556,1.2416362786784847,1.2015558094607532,8.584528959007002,A_same_width
2,ResDyNet,28,0.04656474475288451,0.20044707599000486,0.4477131626275967,0.4332608194243459,8.879919833998429,A_same_width
2,Plain,28,0.5109874492383196,1.5380501082504268,1.2401814819817407,1.2001479741288013,8.89136533398414,A_same_width
2,ResDyNet,29,0.08155417820760254,0.2511675474271687,0.5011661874340374,0.4849883612112107,9.182150874985382,A_same_width
2,Plain,29,0.5195225883121988,1.5660479045222622,1.2514183571141435,1.2110221188581207,9.194000999996206,A_same_width
2,ResDyNet,30,0.0525183155812635,0.24426126195086342,0.4942279453358171,0.47827408808330657,9.49161104200175,A_same_width
2,Plain,30,0.525401218826935,1.6100835231183206,1.268890666337459,1.2279304156053084,9.502990125009092,A_same_width
2,ResDyNet,31,0.054412830904322904,0.29947219670452374,0.5472405291135917,0.5295754064375877,9.798781791992951,A_same_width
2,Plain,31,0.5246148973467188,1.6444232100330762,1.2823506579844206,1.2409559138421296,9.810137666994706,A_same_width
2,ResDyNet,32,0.05007461149906785,0.26229712341811967,0.5121495127578661,0.4956171408116988,10.098558958998183,A_same_width
2,Plain,32,0.49558942784850735,1.7321378368205973,1.3161070765027432,1.2736226629326513,10.110016916994937,A_same_width
2,ResDyNet,33,0.05150390771461095,0.2897445926993958,0.5382792887520341,0.5209034381637034,10.401814209006261,A_same_width
2,Plain,33,0.41209111955768735,1.6702278800190662,1.2923729647509137,1.2506546969127197,10.41329525000765,A_same_width
2,ResDyNet,34,0.04891926262168664,0.25346336704570505,0.5034514545074877,0.4871998590350308,10.703281916998094,A_same_width
2,Plain,34,0.40834173076257213,1.532027383588567,1.2377509376237883,1.1977958886238913,10.714646375010489,A_same_width
2,ResDyNet,35,0.048803301385116515,0.27183844204394836,0.5213812827901941,0.5045509059605034,11.057656958990265,A_same_width
2,Plain,35,0.4397588579107136,1.6939366029357634,1.3015131973728746,1.25949987951195,11.072456458990928,A_same_width
2,ResDyNet,36,0.047983380754625424,0.27175415186344787,0.5213004429918009,0.50447267570011,11.370098291983595,A_same_width
2,Plain,36,0.4433453546802236,1.678821842036562,1.2956935756715635,1.253868117308999,11.381436833995394,A_same_width
2,ResDyNet,37,0.04677609264778186,0.26968413301808425,0.5193112101794879,0.5025476560441535,11.677986333990702,A_same_width
2,Plain,37,0.43021933762078357,1.5551815908109705,1.2470692004900812,1.2068133545866235,11.689299083984224,A_same_width
2,ResDyNet,38,0.0465819856054728,0.18166632969954136,0.42622333312424526,0.41246468940827113,12.02201183399302,A_same_width
2,Plain,38,0.3813576480368621,1.6708542600667042,1.2926152792175654,1.2508891893805394,12.033412624994526,A_same_width
2,ResDyNet,39,0.06317299381115567,0.22487658755202736,0.47421154303963053,0.4589038225099741,12.330725874984637,A_same_width
2,Plain,39,0.37174415723161797,1.5009224583225897,1.2251214055441972,1.1855740424185317,12.342655041982653,A_same_width
2,ResDyNet,40,0.02575257614547025,0.1668711044160477,0.40849859781405334,0.39531211497980595,12.634564125008183,A_same_width
2,Plain,40,0.3327465145383395,1.6196314727723007,1.2726474267338541,1.2315659064141344,12.64594550000038,A_same_width
2,ResDyNet,41,0.03622588532314088,0.1238324170263432,0.3518983049495169,0.34053890008876925,12.937778333987808,A_same_width
2,Plain,41,0.30467544821590636,1.315792148426134,1.1470798352451907,1.110051682301916,12.950304500001948,A_same_width
2,ResDyNet,42,0.03839712698148353,0.31330587845592417,0.5597373298752943,0.5416688059401209,13.242248916998506,A_same_width
2,Plain,42,0.35243959406104,1.5067321124644975,1.2274901679706023,1.187866340335043,13.253765792003833,A_same_width
2,ResDyNet,43,0.030176229939722514,0.13582302954638723,0.36854176092593255,0.35664509927235877,13.549421959003666,A_same_width
2,Plain,43,0.39817810761059863,1.5315830153567052,1.2375714182853066,1.1976221642347387,13.560790208983235,A_same_width
2,ResDyNet,44,0.02847326228484415,0.10719237877567733,0.3274024721587748,0.3168338016612152,13.853338749991963,A_same_width
2,Plain,44,0.44852613153707327,1.5468783068501306,1.2437356257863368,1.2035873888828679,13.86545208399184,A_same_width
2,ResDyNet,45,0.0337489422173239,0.21334213020125442,0.46188973814239953,0.44697976994196464,14.16149879200384,A_same_width
2,Plain,45,0.44648948002090155,1.6123588838762115,1.2697869442848322,1.2287977613756043,14.172875541989924,A_same_width
2,ResDyNet,46,0.02640420528429372,0.11279329520397545,0.33584713070677774,0.32500586356976774,14.490366958983941,A_same_width
2,Plain,46,0.43331151353332603,1.561547665110849,1.2496190079823726,1.2092808533686583,14.501842833997216,A_same_width
2,ResDyNet,47,0.027967004511900942,0.14001416512075437,0.3741846671374368,0.3621058504255802,14.794632125005592,A_same_width
2,Plain,47,0.4441199432834932,1.6184666178171416,1.2721896941168567,1.2311229495719596,14.806041417003144,A_same_width
2,ResDyNet,48,0.025878341949097185,0.16619088445455743,0.4076651621791558,0.3945055829493561,15.100941374985268,A_same_width
2,Plain,48,0.4620234972168283,1.684092731142534,1.297725984614061,1.2558349193540044,15.112431541987462,A_same_width
2,ResDyNet,49,0.04058516737349524,0.21008887501128579,0.45835452982520614,0.4435586794309023,15.40500591698219,A_same_width
2,Plain,49,0.37710801223998247,1.5281045054355158,1.2361652419622207,1.1962613797931563,15.416419499990297,A_same_width
2,ResDyNet,50,0.04028231695934533,0.16107440670558162,0.4013407613307943,0.38838533605322384,15.707623166992562,A_same_width
2,Plain,50,0.3639787236800568,1.5647394446683063,1.250895457129934,1.2105160982749734,15.719122292008251,A_same_width
2,ResDyNet,51,0.06538229173518578,0.21123315734338274,0.4596010850111026,0.44476499536347275,16.00854008400347,A_same_width
2,Plain,51,0.35447250163287675,1.3254021224438264,1.151261100899282,1.11409797518482,16.019973666989245,A_same_width
2,ResDyNet,52,0.0447597054459686,0.13242676176804888,0.363904880110241,0.35215789865044944,16.310708459001034,A_same_width
2,Plain,52,0.4197552862616936,1.589535255017744,1.2607677244511553,1.2200696852279804,16.32219750000513,A_same_width
2,ResDyNet,53,0.024216672975519712,0.19475753385551547,0.44131341907482885,0.42706766191362017,16.621074541995768,A_same_width
2,Plain,53,0.43812905976071115,1.675686950677392,1.2944832755495113,1.252696886113668,16.632493084005546,A_same_width
2,ResDyNet,54,0.025401486719856228,0.11791065884110925,0.3433812150381981,0.3322967449275679,16.924007833993528,A_same_width
2,Plain,54,0.4468214450372161,1.6488481664952215,1.2840748290092838,1.2426244280012304,16.935550583992153,A_same_width
2,ResDyNet,55,0.03157194386219681,0.1290572350457017,0.35924536885769554,0.34764879811039223,17.23232416700921,A_same_width
2,Plain,55,0.4636023518727456,1.7187253955550188,1.3110016764119787,1.268682067007725,17.243742374994326,A_same_width
2,ResDyNet,56,0.04530713330847978,0.1223281685555702,0.34975444036576603,0.3384642402310171,17.537151875003474,A_same_width
2,Plain,56,0.46959142100340645,1.714238763026597,1.3092894114849463,1.2670250746133005,17.5485705419851,A_same_width
2,ResDyNet,57,0.03828040251944591,0.10410743133739872,0.3226568321567029,0.31224135263889136,17.84122699999716,A_same_width
2,Plain,57,0.4647944422557895,1.7265227399056222,1.3139721229560475,1.2715566264604474,17.853484416991705,A_same_width
2,ResDyNet,58,0.036209796991645955,0.1334050966191193,0.36524662437744626,0.3534563309262742,18.145686500007287,A_same_width
2,Plain,58,0.4555073280337879,1.6220334385548172,1.2735907657308203,1.232478794086281,18.157198708999204,A_same_width
2,ResDyNet,59,0.034145602553223915,0.10550837732624951,0.32482053094939906,0.31433520645013335,18.546569583995733,A_same_width
2,Plain,59,0.443890361239886,1.6541589511732049,1.286141108577595,1.2446240073159687,18.592409250006313,A_same_width
2,ResDyNet,60,0.03457590044370735,0.13320545588978375,0.3649732262643162,0.3531917582033536,18.93350745900534,A_same_width
2,Plain,60,0.4447344534010311,1.6094894545238656,1.2686565549918802,1.2277038614588394,18.948265583981993,A_same_width
3,ResDyNet,0,1.0474276541765073,1.800467479973229,1.341814994689368,1.2985007202000802,0.013757583015831187,A_same_width
3,Plain,0,1.0989826252862929,1.8054235472783269,1.3436605029836692,1.300286654817572,0.027236166002694517,A_same_width
3,ResDyNet,1,1.0025323749657085,2.261039748275599,1.5036754132044585,1.455136225724735,0.32933433301514015,A_same_width
3,Plain,1,1.0509560816254115,1.912672313782578,1.3829939673702767,1.3383504207138517,0.34096591602428816,A_same_width
3,ResDyNet,2,0.9371509504559086,2.0064747919649037,1.4165008972693607,1.3707757347682132,0.6390477500099223,A_same_width
3,Plain,2,1.011467011953654,2.184052247958106,1.4778539332282152,1.4301482724834271,0.6504840410198085,A_same_width
3,ResDyNet,3,0.6611543308047702,1.2351124981556314,1.1113561527051674,1.0754811731855247,0.9464744580036495,A_same_width
3,Plain,3,1.0107999660870752,2.1940668313539753,1.4812382763600107,1.4334233677919708,0.9587185000127647,A_same_width
3,ResDyNet,4,0.5779040978353891,1.1631185639557549,1.078479746659971,1.0436660294464575,1.2626752910146024,A_same_width
3,Plain,4,0.9989020155357088,2.1873371646592115,1.4789648963579938,1.4312233733206086,1.2753131659992505,A_same_width
3,ResDyNet,5,0.496659213807303,1.1081427654802287,1.0526836017912642,1.01870259348623,1.571078541019233,A_same_width
3,Plain,5,0.9970278653839723,2.094282094704785,1.4471634650946608,1.4004485037877257,1.5836886659963056,A_same_width
3,ResDyNet,6,0.39700963797756167,0.9796927700537225,0.9897943069414586,0.9578433878740191,1.8794312910176814,A_same_width
3,Plain,6,0.9931028005505155,2.0483634963076476,1.4312105003484454,1.3850105065270955,1.8916982910013758,A_same_width
3,ResDyNet,7,0.3126046731970807,1.1816446781992114,1.087034810021837,1.0519449322614556,2.1915527080127504,A_same_width
3,Plain,7,0.9774039433032697,2.238791206955118,1.4962590708012826,1.4479592855430496,2.2031540000170935,A_same_width
3,ResDyNet,8,0.28164888334591454,0.7338196543386108,0.8566327418086533,0.828980326340006,2.5041022500081453,A_same_width
3,Plain,8,0.6822990501453924,1.1889668264774675,1.0903975543247828,1.0551991259591753,2.516113290999783,A_same_width
3,ResDyNet,9,0.1983717870895256,0.6388175298958417,0.7992606145030804,0.7734601921035098,2.8162149999989197,A_same_width
3,Plain,9,0.7080479525827007,1.2988730717840375,1.139681127238684,1.102891807272182,2.828502666001441,A_same_width
3,ResDyNet,10,0.10396467567188893,0.3348726441455567,0.5786818159796943,0.5600017571649494,3.1276150410121772,A_same_width
3,Plain,10,0.6574401939337169,1.2567422334062879,1.121045152260286,1.0848574083223608,3.139737083023647,A_same_width
3,ResDyNet,11,0.10835775164613966,0.228900045197575,0.47843499579104265,0.46299094067540286,3.437362041004235,A_same_width
3,Plain,11,0.6442453105942539,1.3988090777965707,1.18271259306586,1.1445342017818578,3.450163458008319,A_same_width
3,ResDyNet,12,0.09117001593552249,0.27340337464208186,0.5228798854823944,0.506001133214497,3.754797375004273,A_same_width
3,Plain,12,0.6684474135829382,1.5251264135483307,1.234960085811817,1.195095126520204,3.7663901660125703,A_same_width
3,ResDyNet,13,0.07542071537782247,0.1510829542909555,0.38869390822465366,0.3761467279503311,4.065000250004232,A_same_width
3,Plain,13,0.6864912402909068,1.541227701242464,1.2414619209796425,1.201387080091641,4.077657625020947,A_same_width
3,ResDyNet,14,0.0907995018441973,0.20468773860700246,0.45242429046969,0.4378198703517273,4.403156790998764,A_same_width
3,Plain,14,0.6938166919998495,1.6055172222568594,1.26709006083106,1.2261879342974462,4.41476570800296,A_same_width
3,ResDyNet,15,0.07019256304464966,0.27329480759128194,0.5227760587395734,0.5059006580365757,4.769220250018407,A_same_width
3,Plain,15,0.6802544513025162,1.533513629100206,1.2383511735772716,1.1983767487431871,4.780737458000658,A_same_width
3,ResDyNet,16,0.06828665656465495,0.24108594688135088,0.4910050375315419,0.47515521691138424,5.0868484580132645,A_same_width
3,Plain,16,0.6562731345202663,1.4918844970316587,1.2214272377148214,1.1819991236659693,5.0983547500218265,A_same_width
3,ResDyNet,17,0.0649115428749488,0.22635326498013517,0.4757659771149416,0.46040807888979063,5.418485500005772,A_same_width
3,Plain,17,0.6489431273850313,1.4996357453383535,1.2245961560197522,1.1850657481391593,5.430006291018799,A_same_width
3,ResDyNet,18,0.05952511118050748,0.20495369404680164,0.4527181176480588,0.4381042126822544,5.742637375020422,A_same_width
3,Plain,18,0.6580774044663685,1.5096591904992624,1.2286818914996926,1.1890195945965674,5.7625143750046846,A_same_width
3,ResDyNet,19,0.05502916390425266,0.2131277033622064,0.46165756071162356,0.4467550872828276,6.0686557500157505,A_same_width
3,Plain,19,0.6316176884390937,1.5047787956474126,1.226694255161983,1.1870961198804355,6.080234916007612,A_same_width
3,ResDyNet,20,0.054201473120579075,0.15955660052290727,0.3994453661302222,0.3865511248968815,6.391151375020854,A_same_width
3,Plain,20,0.6257637898865416,1.5208389847617962,1.2332230069058054,1.193414121151038,6.402814458007924,A_same_width
3,ResDyNet,21,0.06426829888851987,0.1823999340576976,0.42708305288046444,0.4132966570990773,6.735486749996198,A_same_width
3,Plain,21,0.6492329638832566,1.5459457304731767,1.2433606598542422,1.2032245269870012,6.747188166016713,A_same_width
3,ResDyNet,22,0.04387880555360383,0.23010087145141647,0.47968830656105893,0.46420379411938856,7.069988250004826,A_same_width
3,Plain,22,0.6546926043881827,1.5406038689043493,1.2412106464675323,1.2011439168118787,7.083925208018627,A_same_width
3,ResDyNet,23,0.06107477014601034,0.275406832505152,0.5247921803010712,0.5078516984631449,7.395827458007261,A_same_width
3,Plain,23,0.6919568946380406,1.6306690865001354,1.2769765410923317,1.235755275391646,7.40769000002183,A_same_width
3,ResDyNet,24,0.053492465745580337,0.16920076227711947,0.4113402026025653,0.39806199173555123,7.724148833018262,A_same_width
3,Plain,24,0.6901700279839722,1.5879209215123185,1.2601273433714224,1.2194499758816646,7.73578533300315,A_same_width
3,ResDyNet,25,0.052576104531925356,0.18124198143251305,0.42572524171408144,0.4119826765694051,8.039976750005735,A_same_width
3,Plain,25,0.6914274541017752,1.6499371189404268,1.2844987812140682,1.243034694875145,8.051549499999965,A_same_width
3,ResDyNet,26,0.04757615196268377,0.24107484368378526,0.4909937307988619,0.47514427516413427,8.349389166018227,A_same_width
3,Plain,26,0.7776477678879835,1.7970509500199046,1.3405412899347429,1.2972681310967025,8.360999833006645,A_same_width
3,ResDyNet,27,0.04446838284820597,0.20840496082756704,0.45651392183324163,0.44177748693221125,8.658829166000942,A_same_width
3,Plain,27,0.7578070433871071,1.6573862469620824,1.2873951401811654,1.2458375583247403,8.670442291011568,A_same_width
3,ResDyNet,28,0.04447586541268428,0.21229487152246107,0.46075467607226844,0.44588134808696206,9.04071116601699,A_same_width
3,Plain,28,0.6968632164566049,1.703125239671107,1.30503840543913,1.2629112925838,9.052751958020963,A_same_width
3,ResDyNet,29,0.04446779424884043,0.24536821821836444,0.49534656374942626,0.47935659708898126,9.359698500018567,A_same_width
3,Plain,29,0.6642235021155793,1.7092856482120897,1.3073965152975167,1.2651932818010505,9.371589000016684,A_same_width
3,ResDyNet,30,0.04196990058009371,0.22789895267623972,0.47738763356023345,0.4619773876771142,9.67410058301175,A_same_width
3,Plain,30,0.6567938173341236,1.6977359948733548,1.302971985452241,1.2609115773832464,9.686359875020571,A_same_width
3,ResDyNet,31,0.04188704240838334,0.2299783081557442,0.47956053648704683,0.46408014850968726,9.988914500019746,A_same_width
3,Plain,31,0.6438950199141259,1.703199015026205,1.3050666707207739,1.2629386454519052,10.00045183300972,A_same_width
3,ResDyNet,32,0.043200125794418086,0.24162983701673132,0.491558579435586,0.4756908902820851,10.313624125003116,A_same_width
3,Plain,32,0.6425614989849759,1.6739424576674984,1.2938092817983253,1.2520446491251196,10.325301041011699,A_same_width
3,ResDyNet,33,0.04388053515553375,0.2256442889053406,0.47502030367694875,0.4596864760607121,10.64165841601789,A_same_width
3,Plain,33,0.640947848407657,1.7187677908879944,1.311017845373584,1.2686977140293876,10.653845624998212,A_same_width
3,ResDyNet,34,0.041698604901074736,0.23315614525256512,0.4828624496195217,0.46727547468917247,10.954616166010965,A_same_width
3,Plain,34,0.6510652360943953,1.710507691094263,1.3078637891975842,1.2656454719302186,10.966114958020626,A_same_width
3,ResDyNet,35,0.050753719279725336,0.22331720196609292,0.472564495033316,0.45730994181042306,11.262723040999845,A_same_width
3,Plain,35,0.6500402148882588,1.7497728072419978,1.3227897819540329,1.2800896482292297,11.274290666013258,A_same_width
3,ResDyNet,36,0.04006084396427127,0.1862046463994819,0.4315143640708637,0.4175849239577259,11.569739166006912,A_same_width
3,Plain,36,0.6525639861001541,1.726353120797387,1.3139075769617081,1.271494164034206,11.581237625010544,A_same_width
3,ResDyNet,37,0.03984598657346923,0.24735527642448088,0.49734824461787425,0.4812936629733077,11.87774266602355,A_same_width
3,Plain,37,0.6507516388880267,1.700470632520754,1.3040209478841795,1.2619266789275918,11.889360708009917,A_same_width
3,ResDyNet,38,0.038744756842697146,0.22767857013203321,0.4771567563516556,0.46175396326853135,12.185144916002173,A_same_width
3,Plain,38,0.6487013116604077,1.7547090957011398,1.3246543306467313,1.2818940086141555,12.196594583016122,A_same_width
3,ResDyNet,39,0.03934296915412221,0.2354155787212634,0.4851964331291641,0.4695341163649628,12.511780083004851,A_same_width
3,Plain,39,0.6536601940764238,1.7228665093860942,1.3125800963697773,1.2702095349970466,12.52334816599614,A_same_width
3,ResDyNet,40,0.038324129435039794,0.24015869247237914,0.4900598866183389,0.4742405758123138,12.819984333007596,A_same_width
3,Plain,40,0.6469143525443787,1.7405605455201194,1.319303052948836,1.276715472100397,12.831453791004606,A_same_width
3,ResDyNet,41,0.03845364173641767,0.2252142438737938,0.4745674281635791,0.45924821953309924,13.161907666013576,A_same_width
3,Plain,41,0.6156778812484699,1.7170246455796476,1.310352870634337,1.2680542049158032,13.173476958007086,A_same_width
3,ResDyNet,42,0.03716372231519985,0.2358353861428271,0.48562885637369935,0.469952580830394,13.474148625013186,A_same_width
3,Plain,42,0.6049782641535185,1.736039982834836,1.317588700177273,1.2750564592578204,13.48568716601585,A_same_width
3,ResDyNet,43,0.03671491308499217,0.20418620821883318,0.45186968057044186,0.4372831634610948,13.786131125001702,A_same_width
3,Plain,43,0.6078696529048425,1.710861225719683,1.307998939494862,1.2657762595269029,13.797583666018909,A_same_width
3,ResDyNet,44,0.03674039787792595,0.2339826958422742,0.4837175785954798,0.4681029997917688,14.09811500000069,A_same_width
3,Plain,44,0.6152936948387454,1.7188238265000675,1.3110392162327058,1.2687183950294292,14.109839416021714,A_same_width
3,ResDyNet,45,0.034415419569024344,0.19970569052328507,0.44688442636020004,0.4324588350641103,14.40750475000823,A_same_width
3,Plain,45,0.6172371572899505,1.7011453076007175,1.3042796125067344,1.2621769937623544,14.41907087501022,A_same_width
3,ResDyNet,46,0.03503095487779296,0.24304467569901256,0.49299561427969374,0.4770815371204434,14.722915958001977,A_same_width
3,Plain,46,0.6190838757198384,1.7071984761315335,1.3065980545414622,1.2644205956476748,14.734461125015514,A_same_width
3,ResDyNet,47,0.03239122575004097,0.21572556764651826,0.46446266550339466,0.4494696422749595,15.031901041016681,A_same_width
3,Plain,47,0.6203280962190869,1.711150852199187,1.308109648385481,1.2658833946943966,15.043526583001949,A_same_width
3,ResDyNet,48,0.03206962502775957,0.2075706063675274,0.45559917292234786,0.44089226644779356,15.34314708301099,A_same_width
3,Plain,48,0.6179465752529882,1.7355656714140688,1.3174086956651185,1.2748822653565768,15.35474858302041,A_same_width
3,ResDyNet,49,0.026534725551125505,0.2140358180252848,0.4626400523358141,0.4477058637211974,15.65121400001226,A_same_width
3,Plain,49,0.6216438568220174,1.6922579205711596,1.3008681411162162,1.2588756459051147,15.66275200000382,A_same_width
3,ResDyNet,50,0.02616899575907703,0.18421851973859407,0.42920684959421845,0.4153518968849515,15.959614125022199,A_same_width
3,Plain,50,0.6173696586020014,1.6814310632072793,1.2967000667877207,1.254842118527034,15.971202250017086,A_same_width
3,ResDyNet,51,0.023857604647726703,0.1975786380560631,0.44449818678602404,0.4301496241684944,16.26823100002366,A_same_width
3,Plain,51,0.6163723663403109,1.7038376526372032,1.305311324028564,1.2631754012622234,16.279681000014534,A_same_width
3,ResDyNet,52,0.024763971871373483,0.2533278498717326,0.5033168483885003,0.4870695980503643,16.577061000018148,A_same_width
3,Plain,52,0.6212788627411909,1.7330391323871042,1.3164494416372792,1.2739539763965235,16.5885949160147,A_same_width
3,ResDyNet,53,0.032053205578786034,0.17084367345773022,0.4133324006870623,0.39998988094363047,16.883610958000645,A_same_width
3,Plain,53,0.633091872777329,1.697856383127249,1.303018182193652,1.2609562828770964,16.895172000018647,A_same_width
3,ResDyNet,54,0.027365807137879027,0.19854451399041548,0.4455833412397903,0.4311997494430819,17.19402004100266,A_same_width
3,Plain,54,0.6386527089864499,1.6528739351046304,1.2856414488902534,1.244140476824481,17.20558425001218,A_same_width
3,ResDyNet,55,0.02847538242492226,0.2071101918520267,0.45509360779077823,0.4404030211419583,17.50220050002099,A_same_width
3,Plain,55,0.6278949229295109,1.6353822183386657,1.2788206357181862,1.237539841974421,17.513917958014645,A_same_width
3,ResDyNet,56,0.055555130959641465,0.22611336648652738,0.47551379210967937,0.46016403450792526,17.8195139580057,A_same_width
3,Plain,56,0.6191793938328976,1.68756419753384,1.2990628150839512,1.257128596451673,17.831327250023605,A_same_width
3,ResDyNet,57,0.0725004813541971,0.20938913676323503,0.45759057766002464,0.4428193879185756,18.135182041005464,A_same_width
3,Plain,57,0.6105486593355021,1.7135545679650606,1.309028100525371,1.2667721988662357,18.146814666019054,A_same_width
3,ResDyNet,58,0.0627509286102665,0.2855209660516901,0.5343416192396865,0.5170928780507744,18.445269832998747,A_same_width
3,Plain,58,0.6064105597932067,1.6480516240113434,1.2837646295218386,1.2423242418656992,18.45686704100808,A_same_width
3,ResDyNet,59,0.0475581196372042,0.2536303173661814,0.5036172329916654,0.487360286129638,18.754538291017525,A_same_width
3,Plain,59,0.6049425801737047,1.6728474696856053,1.2933860482027806,1.251635077663478,18.76607025001431,A_same_width
3,ResDyNet,60,0.055556933942245035,0.226446633896238,0.4758640918332019,0.460503026429375,19.065254415996606,A_same_width
3,Plain,60,0.6053763296275633,1.6574094064223988,1.287404134847484,1.2458462626399691,19.07709970799624,A_same_width
4,ResDyNet,0,1.0194417408183898,2.049974676531143,1.431773262961403,1.3855551029588833,0.012181790982140228,A_same_width
4,Plain,0,1.0897430501929313,1.6484189122185267,1.2839076727781193,1.2424626676338086,0.02439287499873899,A_same_width
4,ResDyNet,1,1.0101450323832795,2.02717536938205,1.423789088798636,1.3778286608326675,0.3215799579920713,A_same_width
4,Plain,1,1.0405477554300118,2.1524997948008613,1.46714000518044,1.4197801939172545,0.3338375829916913,A_same_width
4,ResDyNet,2,0.9722324613267072,2.1709961541524603,1.473430064221733,1.425867207572301,0.6590048329962883,A_same_width
4,Plain,2,1.00900413715329,2.275793432147076,1.508573310166621,1.4598760167972789,0.6711767079832498,A_same_width
4,ResDyNet,3,0.7182805242326651,0.8619795834498494,0.9284285559211594,0.8984585455441536,1.0287632909894455,A_same_width
4,Plain,3,1.0062216090490974,2.111941008988318,1.4532518738980926,1.4063403765476952,1.0418608329782728,A_same_width
4,ResDyNet,4,0.6286588895648525,0.9155958705312938,0.9568677393095107,0.9259797017824064,1.389027665980393,A_same_width
4,Plain,4,0.9953521093268816,2.0436263694442287,1.4295546052684482,1.3834080643406077,1.4013725830009207,A_same_width
4,ResDyNet,5,0.40826505515598266,1.2596248997217008,1.1223301206515401,1.0861008974680935,1.7257786249974743,A_same_width
4,Plain,5,0.9971712102407695,2.0007021315355775,1.4144617815747365,1.3688024424674712,1.7373674999980722,A_same_width
4,ResDyNet,6,0.37025234139938085,1.323528351874724,1.1504470226284755,1.1133101756557304,2.047815375000937,A_same_width
4,Plain,6,0.9928524885900706,2.11004159273184,1.452598221371567,1.4057078241617005,2.0592552079760935,A_same_width
4,ResDyNet,7,0.33011599968447414,0.8181137481422555,0.9044964058205293,0.8752989339251177,2.378120624984149,A_same_width
4,Plain,7,0.9766982402050227,2.2309774923484693,1.4936457050949095,1.4454302802291261,2.391453874995932,A_same_width
4,ResDyNet,8,0.39367303180226076,1.254292700579367,1.1199520974485322,1.0837996377162056,2.7157834159734193,A_same_width
4,Plain,8,0.6933308970742278,1.1724145857476123,1.0827809500298813,1.047828388412232,2.727745457988931,A_same_width
4,ResDyNet,9,0.37133091639424326,0.9518246363236736,0.9756150041505479,0.944121798117754,3.05922504098271,A_same_width
4,Plain,9,0.6632473022646899,1.2286616772560968,1.1084501239370659,1.0726689520796073,3.071268624975346,A_same_width
4,ResDyNet,10,0.2592229387530033,1.1471341549196752,1.0710434888087763,1.0364698166946356,3.394980207987828,A_same_width
4,Plain,10,0.6144673405720086,1.3511613352775034,1.162394655561313,1.124872134666009,3.406503165984759,A_same_width
4,ResDyNet,11,0.22215211445039706,0.7705311324693985,0.877799027380071,0.8494633565395672,3.7075096249755006,A_same_width
4,Plain,11,0.63375448866507,1.6158411892717586,1.2711574211213017,1.2301239987229406,3.7199507909826934,A_same_width
4,ResDyNet,12,0.1546771690404251,0.6081559185192783,0.7798435218165747,0.7546698902083844,4.018706665985519,A_same_width
4,Plain,12,0.6864172580516966,1.7365884243056877,1.3177968069113264,1.2752578482310515,4.03157445800025,A_same_width
4,ResDyNet,13,0.1296126529353037,0.45293555249103795,0.6730048681035212,0.6512800269704027,4.327770249976311,A_same_width
4,Plain,13,0.7343771698926815,1.7290032658612815,1.3149156877386783,1.2724697326298156,4.339865665999241,A_same_width
4,ResDyNet,14,0.16517580495792195,0.23864965434284258,0.4885178137415693,0.4727482816070684,4.635671707976144,A_same_width
4,Plain,14,0.7448415532841497,1.7200369382966754,1.311501787378376,1.269166034210817,4.648314874997595,A_same_width
4,ResDyNet,15,0.07831523126648302,0.24248170483834977,0.49242431381720964,0.47652867844400715,4.949504582997179,A_same_width
4,Plain,15,0.7391291146541152,1.6346055396160268,1.278516929733833,1.2372459397293483,4.96097279098467,A_same_width
4,ResDyNet,16,0.06005139810405186,0.25043854402550514,0.5004383518731405,0.4842840204460885,5.258148707973305,A_same_width
4,Plain,16,0.7349971041318406,1.6307292980871517,1.2770001167138363,1.2357780899835413,5.271421207988169,A_same_width
4,ResDyNet,17,0.06754375394847122,0.22858809677362002,0.4781088754390782,0.4626753476066313,5.607783790997928,A_same_width
4,Plain,17,0.7293879976147396,1.6011893716341208,1.2653811171477631,1.2245341559358054,5.625920708000194,A_same_width
4,ResDyNet,18,0.057251343141529104,0.23516217971238348,0.4849352324923231,0.46928134737937455,5.973061165976105,A_same_width
4,Plain,18,0.7035258939094611,1.6504107156829388,1.2846831187818024,1.243213081959363,5.984750957984943,A_same_width
4,ResDyNet,19,0.05305635889549373,0.21678562961426837,0.4656024372941666,0.45057262181911323,6.28292812500149,A_same_width
4,Plain,19,0.6959722250669232,1.6610358020893414,1.288811779155258,1.2472084676791617,6.298300582973752,A_same_width
4,ResDyNet,20,0.056488195948463965,0.17337883694955658,0.4163878443825619,0.40294669380892084,6.594428999989759,A_same_width
4,Plain,20,0.685178570143232,1.6466357304213513,1.2832130495055571,1.241790467052313,6.606464082986349,A_same_width
4,ResDyNet,21,0.04143359908201006,0.20351390055522758,0.4511251495485788,0.43656266617053924,6.907929082983173,A_same_width
4,Plain,21,0.6764676602222217,1.6044990191429287,1.2666882091276166,1.225799054512677,6.9195025409862865,A_same_width
4,ResDyNet,22,0.03705546926784308,0.18257252950620434,0.42728506819944495,0.41349215129032263,7.355851665983209,A_same_width
4,Plain,22,0.6775890734517619,1.6503637133643028,1.2846648253004762,1.2431953789982462,7.3713923749746755,A_same_width
4,ResDyNet,23,0.05155224186188358,0.18165783365660204,0.42621336635141094,0.41245504436647723,7.875636624987237,A_same_width
4,Plain,23,0.6737097386919256,1.650138065712922,1.2845769987481956,1.2431103875189138,7.895681750000222,A_same_width
4,ResDyNet,24,0.046869297413070915,0.20045322991853726,0.4477200351989369,0.43326747014659167,8.478019665984903,A_same_width
4,Plain,24,0.6194521739072069,1.623907718424368,1.2743263782973215,1.233190660812447,8.492177957989043,A_same_width
4,ResDyNet,25,0.03958504351661207,0.1867669992223361,0.43216547666644556,0.41821501840266845,8.832469124987256,A_same_width
4,Plain,25,0.5973352521640488,1.6154578908180461,1.2710066446789514,1.229978089398812,8.844790207978804,A_same_width
4,ResDyNet,26,0.038444925920778,0.2042607199074787,0.4519521212556466,0.4373629429310931,9.168082332995255,A_same_width
4,Plain,26,0.6029482928964192,1.6431319824319703,1.2818470979145564,1.240468608873881,9.17986220799503,A_same_width
4,ResDyNet,27,0.04264316130726979,0.20809638971603955,0.4561758320166025,0.4414503107774241,9.50979054099298,A_same_width
4,Plain,27,0.6241352424939505,1.6359380827676857,1.2790379520435216,1.2377501432499889,9.521496374974959,A_same_width
4,ResDyNet,28,0.03636160640013709,0.1804626484389981,0.4248089552245787,0.4110959681399734,9.819397665996803,A_same_width
4,Plain,28,0.6615525408684434,1.7111053504904223,1.3080922561082695,1.2658665638461988,9.830984082975192,A_same_width
4,ResDyNet,29,0.036947703378250325,0.19971199403946804,0.44689147904101734,0.43246566008183396,10.128079290996538,A_same_width
4,Plain,29,0.6767210219365238,1.7150064485608116,1.3095825474405238,1.2673087480339587,10.13950799999293,A_same_width
4,ResDyNet,30,0.036653376789536306,0.19234791272146182,0.43857486558335945,0.42441750992168875,10.434941624989733,A_same_width
4,Plain,30,0.6699341054605914,1.77743213835742,1.33320371225009,1.2901674130798706,10.446501540980535,A_same_width
4,ResDyNet,31,0.035458314032902866,0.20623807467046185,0.4541344235691255,0.4394747997347225,10.744239583000308,A_same_width
4,Plain,31,0.6688820348562794,1.7252366650883093,1.3134826474256556,1.2710829513776307,10.756205082987435,A_same_width
4,ResDyNet,32,0.03431055703858217,0.18676543852576857,0.43216367099256336,0.4182132710165938,11.055150165979285,A_same_width
4,Plain,32,0.660706312036901,1.735188214826927,1.3172654306657132,1.2747436250032915,11.06669129099464,A_same_width
4,ResDyNet,33,0.03572737445867137,0.1898868669053534,0.43576010247079,0.4216936083828554,11.363471915974515,A_same_width
4,Plain,33,0.6608681599626579,1.7216110557411641,1.3121017703444973,1.2697466495092744,11.374923540977761,A_same_width
4,ResDyNet,34,0.03202737464939339,0.19210428976846905,0.4382970337208193,0.42414864657239637,11.672716124972794,A_same_width
4,Plain,34,0.6497283309589806,1.7034300753856368,1.3051551920693711,1.2630243092992772,11.6842649159953,A_same_width
4,ResDyNet,35,0.03507028685738445,0.2124142293539696,0.4608841821477166,0.44600667365934366,11.980316707980819,A_same_width
4,Plain,35,0.6397277956095683,1.7488914208250435,1.3224565856106745,1.2797672075846316,11.991779624979245,A_same_width
4,ResDyNet,36,0.0315454111421254,0.1919871103861082,0.4381633375650092,0.42401926617696595,12.287279374984792,A_same_width
4,Plain,36,0.6225221673392392,1.7026965249053003,1.3048741414041818,1.2627523310514521,12.298880540998653,A_same_width
4,ResDyNet,37,0.03529240464732519,0.19126097691216584,0.4373339420993594,0.4232166438976358,12.594028040999547,A_same_width
4,Plain,37,0.6115126006570697,1.7130396329745987,1.308831399751167,1.2665818476643347,12.605505665997043,A_same_width
4,ResDyNet,38,0.032639460086741734,0.18556118039665628,0.4307681283436093,0.41686277699028707,12.901304999977583,A_same_width
4,Plain,38,0.6116589036676866,1.766101705294318,1.328947593133122,1.286048683031009,12.912814165989403,A_same_width
4,ResDyNet,39,0.03344556120256461,0.21879278797384047,0.4677529133782498,0.45265367975557,13.208297332981601,A_same_width
4,Plain,39,0.6099639102194997,1.7335322762864518,1.3166367290511274,1.2741352181047536,13.219854249997297,A_same_width
4,ResDyNet,40,0.0308666825267496,0.19179488950224158,0.4379439341996206,0.42380694523175444,13.515272749995347,A_same_width
4,Plain,40,0.6245573928105379,1.7258814070752095,1.3137280567435596,1.2713204387937822,13.526711665996118,A_same_width
4,ResDyNet,41,0.03449546151753379,0.17834405869747666,0.42230801401048107,0.40867575821495644,13.841037790989503,A_same_width
4,Plain,41,0.629805201143719,1.744741048944058,1.320886463305631,1.278247769396826,13.85270183297689,A_same_width
4,ResDyNet,42,0.032124622425724364,0.20664857202119077,0.45458615467388663,0.43991194879565165,14.158030124992365,A_same_width
4,Plain,42,0.6287042896750615,1.7782134706285118,1.3334967081431104,1.290450950959242,14.170105790981324,A_same_width
4,ResDyNet,43,0.03591344697967615,0.1879906082229371,0.43357883737901354,0.4195827553190359,14.469399624998914,A_same_width
4,Plain,43,0.6187517145897586,1.7510507807397941,1.323272753720787,1.2805570294922566,14.480972790974192,A_same_width
4,ResDyNet,44,0.03055537758932068,0.19746758806088574,0.44437325308898346,0.4300287233764877,14.778382749995217,A_same_width
4,Plain,44,0.6267852511129636,1.746853666109602,1.3216859181021798,1.2790214175027084,14.789881499978947,A_same_width
4,ResDyNet,45,0.03302720499725088,0.23390456274719534,0.4836368087182729,0.4680248371954804,15.08711533297901,A_same_width
4,Plain,45,0.6370475608085044,1.7722761855812366,1.3312686376465257,1.2882948033860502,15.098742415982997,A_same_width
4,ResDyNet,46,0.03069989213016152,0.17332863133713727,0.41632755294015467,0.40288834859613254,15.396791957988171,A_same_width
4,Plain,46,0.6308070678076354,1.7446743491735146,1.3208612149554224,1.2782233360725157,15.409467624995159,A_same_width
4,ResDyNet,47,0.03248578883340315,0.20827051736843483,0.456366647958015,0.44163496711106953,15.707062749977922,A_same_width
4,Plain,47,0.5001893571846384,1.6091324885095386,1.2685158605668037,1.2275677087008114,15.71868020799593,A_same_width
4,ResDyNet,48,0.029367399676300903,0.18686199137354878,0.43227536521706716,0.41832135971103707,16.014445207983954,A_same_width
4,Plain,48,0.4962073125454332,1.6355583707606454,1.2788895068615762,1.237606489932334,16.02587683298043,A_same_width
4,ResDyNet,49,0.03042479600202921,0.2223761454216119,0.47156775273719886,0.4563453747169829,16.402134040981764,A_same_width
4,Plain,49,0.5050501966951533,1.4421575884667275,1.2008986586996955,1.162133214623869,16.413818957982585,A_same_width
4,ResDyNet,50,0.02838805866567545,0.17507785404773543,0.41842305630514126,0.40491620835279496,16.712900457991054,A_same_width
4,Plain,50,0.5214584800225162,1.5523274327005634,1.2459243286414161,1.2057054396162945,16.724368957977276,A_same_width
4,ResDyNet,51,0.02731346543828968,0.20603358751181616,0.45390922827346897,0.4392568738248519,17.09979624999687,A_same_width
4,Plain,51,0.4807314330727468,1.5782210109170667,1.2562726658321697,1.2157197287308512,17.111418874992523,A_same_width
4,ResDyNet,52,0.02873251310434472,0.20074666276121814,0.4480476121588175,0.4335844728034478,17.407387832994573,A_same_width
4,Plain,52,0.4771102098401871,1.526896351364347,1.235676475200668,1.1957883905998636,17.418957832996966,A_same_width
4,ResDyNet,53,0.028552897209162594,0.1707612420492573,0.41323267301758376,0.39989337251947793,17.712912791001145,A_same_width
4,Plain,53,0.43727313411055285,1.498541012065329,1.2241490971549704,1.1846331204966092,17.725401957985014,A_same_width
4,ResDyNet,54,0.027253246894974437,0.1990571557080338,0.44615821824553875,0.4317560692106693,18.021654040989233,A_same_width
4,Plain,54,0.4227110646414169,1.7088259097318697,1.3072206813433873,1.265023123830707,18.03321916598361,A_same_width
4,ResDyNet,55,0.027961896607737853,0.20502041280088582,0.45279179851327456,0.4381755151024288,18.327831249975134,A_same_width
4,Plain,55,0.4419274039556151,1.5984127127077392,1.264283477985748,1.2234719489638775,18.33923608297482,A_same_width
4,ResDyNet,56,0.025987886239374605,0.1801079660073327,0.42439128879765275,0.4106917841367292,18.646052832977148,A_same_width
4,Plain,56,0.45124127631409877,1.6391144556868487,1.2802790538342994,1.2389511818250123,18.657413665991044,A_same_width
4,ResDyNet,57,0.029946505488695003,0.22393879941697334,0.47322172331474105,0.45794595452465264,18.97472599998582,A_same_width
4,Plain,57,0.4843910801514958,1.8754780973039704,1.3694809590877746,1.3252736172377058,18.987313457997516,A_same_width
4,ResDyNet,58,0.03045665504077236,0.18919926254704286,0.4349704157147275,0.4209294130015711,19.286315415985882,A_same_width
4,Plain,58,0.4495844607145219,1.7064977714984932,1.306329886169069,1.264161083847564,19.29859954098356,A_same_width
4,ResDyNet,59,0.027250269208941393,0.19256906814034164,0.43882692276151614,0.4246614306027539,19.60197562497342,A_same_width
4,Plain,59,0.4776240625626629,1.7396331038513146,1.3189515168691057,1.276375283732766,19.61360954097472,A_same_width
4,ResDyNet,60,0.028653836221104775,0.1983498455198717,0.44536484540191507,0.43098830673006666,19.918711124977563,A_same_width
4,Plain,60,0.4547442555998601,1.8479265540249024,1.3593846232854419,1.3155031948153912,19.930292832985288,A_same_width
